"pathway","mean_dist","sd_dist","median_dist","q25_dist","q75_dist","median_rank","q25_rank","q75_rank","min_rank","max_rank","freq_top1","freq_top3","freq_top5","freq_top10","cv_dist","wins","losses","ties"
"JAM",12.7798541579295,4.53356234639549,11.8938770257007,9.94031635136713,14.6200345722627,2,1,5.25,1,18,0.42,0.68,0.75,0.94,0.354742885980632,88,0,0
"CADM",12.3888576775294,4.49285202266671,11.3326097051143,9.45861582397757,14.4018489020258,3,2,6,1,15,0.18,0.53,0.71,0.95,0.362652646403044,87,1,0
"ACTIVIN",11.8877153335763,4.51547338267801,10.8188051528862,8.91788259108546,13.9200110023327,4,3,6.25,2,22,0,0.4,0.71,0.83,0.379843666841876,86,2,0
"LIFR",11.6213398532552,4.58255387372169,10.7978783109527,8.45457856878593,13.5641251447769,5,4,8.25,1,25,0.01,0.18,0.65,0.81,0.394322335598686,85,3,0
"ANGPTL",11.5355596809179,4.45454230374462,10.7210023150869,8.34774968890238,13.5819022350555,5,5,8,1,18,0.01,0.09,0.53,0.83,0.386157449396524,84,4,0
"ApoA",10.1403025786036,4.66076733917478,8.95167751369332,6.42245321561578,12.5940047136462,8,6,14,1,30,0.03,0.14,0.16,0.57,0.459628034079494,82,5,1
"NGL",10.0915940994712,2.89528601940558,9.36432787711419,8.22959367166179,11.1057818345364,6,2,8,1,21,0.23,0.4,0.46,0.96,0.286900760263166,81,5,2
"AGRN",9.89343495889645,4.78634185474013,8.35303331952555,6.15539631722447,12.9609713226718,8,7,15.25,1,32,0.08,0.16,0.19,0.57,0.483789692318755,79,6,3
"Netrin",8.44069545185488,2.89848036673758,8.03936865941947,6.60851569985231,9.30260709370265,9,6,12,1,25,0.01,0.11,0.21,0.6,0.343393548940404,79,7,2
"SEMA3",8.34960291626175,2.9178487106861,7.97456137252616,6.52623582616952,9.3430515356096,10,7.75,12,2,26,0,0.1,0.2,0.6,0.349459577892414,78,8,2
"ADGRA",7.66640654202972,0.568541472308463,7.75712789041022,7.38212378132835,8.04765466900032,9,8,14,2,25,0,0.05,0.06,0.6,0.0741600995448825,76,8,4
"UNC5",8.01913387705468,2.99257128432871,7.45716391398532,6.11235128851091,8.83438709877617,11,9,15.25,2,27,0,0.04,0.11,0.36,0.373178865724067,76,10,2
"CD46",7.98152896403498,3.01567830905313,7.43667614904544,6.11885702861054,8.82788898572352,12,8.75,15,1,28,0.02,0.03,0.11,0.4,0.377832157553005,76,10,2
"PTPRM",6.7190126947953,0.471899184222692,6.68647781392017,6.4207840705289,6.99396888081209,13.5,10,16,3,18,0,0.01,0.01,0.29,0.0702334116124287,74,13,1
"CDH",7.52997757288603,2.87838349049813,6.8254856890562,5.60674536118773,8.43670259891523,14,9.75,18,2,34,0,0.05,0.08,0.27,0.38225658212617,74,13,1
"NCAM",6.49271738964548,0.535490172206203,6.50127169683916,6.14783278964185,6.83174397547915,15,12,17,6,20,0,0,0,0.12,0.0824755091081275,72,15,1
"KIT",6.19372262465113,0.40232960983753,6.18059531064387,5.9431067232689,6.48122662976146,16,14,18,9,21,0,0,0,0.03,0.0649576408598362,71,16,1
"ADGRG",5.94590144577747,0.560718830592223,5.92801327672708,5.58928544078796,6.29204283957782,18,16,20,9,23,0,0,0,0.02,0.0943034181958097,70,17,1
"Glutamate",6.541165350752,3.06595408085899,5.84248168011263,4.35080410742938,7.60248987926457,18,14,26.25,3,43,0,0.01,0.04,0.14,0.468716798376992,70,15,3
"ANGPT",5.50150806275062,0.288434888503391,5.4797089027996,5.34917647195252,5.69083254113134,20,18,22,11,31,0,0,0,0,0.0524283315071941,67,19,2
"ncWNT",5.54034526405761,0.453409160768514,5.57300852321199,5.18477774731836,5.8509385816656,20,18,22,13,26,0,0,0,0,0.0818377085106873,67,19,2
"Testosterone",5.53800085810296,0.374587890663388,5.57692907701541,5.30836158334832,5.77100669117714,20.5,18,22,10,27,0,0,0,0.02,0.0676395508525983,67,19,2
"NT",5.13701363265224,0.394090266137856,5.13800070147276,4.89713113051715,5.35614930021695,22,21,24,14,31,0,0,0,0,0.0767158303090559,65,22,1
"DHEA",4.65211777341479,0.381978788733132,4.69553285726202,4.50042862944156,4.88469318354958,25,24,27,16,34,0,0,0,0,0.082108580938343,62,23,3
"VEGF",4.74177147064478,0.348376732120283,4.73227646379383,4.52638613815,4.94276060422562,25,24,26,19,29,0,0,0,0,0.0734697431702485,62,23,3
"VISFATIN",4.73595274697231,0.338400344066176,4.6971770281595,4.5258941683658,4.93079890069232,25,23,26.25,15,41,0,0,0,0,0.0714534882727694,62,23,3
"NRXN",5.39911685527366,3.1713500436109,4.58432756572937,3.25764701483011,6.30151957769235,26.5,16,37,1,47,0.01,0.02,0.02,0.09,0.587383108871451,62,22,4
"APP",4.29673542235268,0.362191315907761,4.27251859301532,4.00814309105865,4.51247919750167,28,27,29,23,33,0,0,0,0,0.0842945353403777,60,27,1
"SEMA4",4.30254915475459,0.274595167289593,4.28629792506989,4.15131958605536,4.47737444610026,28,27,29,19,40,0,0,0,0,0.0638215061380875,60,27,1
"NEGR",4.00176884233257,0.371663642652283,3.99228546983017,3.73327941980593,4.22942241164471,30,28,32,20,38,0,0,0,0,0.0928748404257269,58,29,1
"RA",3.93917390120781,0.369464519149098,3.92356104015059,3.68555296518445,4.17349533342218,30,30,32,25,39,0,0,0,0,0.0937923860218037,58,29,1
"Prostaglandin",3.74936625488707,0.254656175536472,3.76642544626138,3.53224749052563,3.87942908886582,32.5,30.75,34,24,37,0,0,0,0,0.0679197918326978,57,31,0
"NPNT",3.64282974915537,0.385382010625898,3.62252599634693,3.41002356352007,3.83224750055773,33,31,35,23,43,0,0,0,0,0.105791935710213,56,32,0
"CD45",3.51519259315705,0.27684588913037,3.56502977763987,3.36417275688949,3.70379641244623,34,32,36,27,40,0,0,0,0,0.0787569618999822,53,33,2
"EDA",3.49715597321787,0.235757160381679,3.49062219320326,3.38447378716745,3.65458108054525,35,33,36,30,41,0,0,0,0,0.0674139678605039,53,33,2
"OCLN",3.44848468616955,0.241019555341746,3.43878947055201,3.28934976429094,3.57116922550994,35,33,38,28,42,0,0,0,0,0.0698914384942395,53,33,2
"BMP",3.2396269967517,0.293223641192827,3.25409606531746,3.02653294433146,3.40753143087121,37,36,39,30,43,0,0,0,0,0.0905115439175052,51,36,1
"PECAM1",3.13985368771682,0.486735441782019,3.2659611743946,2.73469543360171,3.5163975815028,38,35,41,29,46,0,0,0,0,0.155018510475867,49,36,3
"VWF",3.10066525221714,0.458617414467284,3.21950669743539,2.78240085941033,3.42238112145433,38,36,41,27,45,0,0,0,0,0.147909360463645,49,37,2
"HGF",3.13917651744517,0.290168717884735,3.14472130816926,2.90711674671397,3.34467487202442,38.5,37,40,32,43,0,0,0,0,0.0924346612151934,49,37,2
"PSAP",2.86412446630465,0.245192501573562,2.85074433433099,2.70468436584282,3.00615122007284,41,39.75,42,35,45,0,0,0,0,0.0856081865359414,47,40,1
"IL1",2.81933933383417,0.232869126658172,2.82691077438329,2.68089910405803,2.99381111255863,41,40,42,36,45,0,0,0,0,0.0825970552262262,46,40,2
"PTN",2.7513247227405,0.279015928269425,2.7215075955161,2.56165067093298,2.92942999175312,42,41,43,32,46,0,0,0,0,0.101411485879249,46,41,1
"DESMOSOME",2.38061546590854,0.231223279942356,2.41235201367025,2.2212167208414,2.54607821273643,44,43,45,39,47,0,0,0,0,0.097127521539524,45,43,0
"EGF",2.2658297285805,0.283296232557131,2.26019571190475,2.06903658840418,2.42920382504394,45,44,46,37,49,0,0,0,0,0.125029797686789,44,44,0
"Adenosine",2.02269442557752,0.185448870033472,2.02199386903914,1.91161663077391,2.12891578335552,46,46,47,42,50,0,0,0,0,0.0916840762936906,43,45,0
"CD6",1.85294698369004,0.429400967570158,1.99994119529574,1.46526266409987,2.21906333052421,47,45,51,44,54,0,0,0,0,0.231739478436145,42,46,0
"TULP",1.72121295327574,0.13368255335568,1.72924334883259,1.65836123940194,1.79237762748021,48,47,49,45,52,0,0,0,0,0.0776676431009081,41,47,0
"FLRT",1.58339846309666,0.161640928695318,1.5787002454599,1.49138603675296,1.6931595238614,49,48,50,46,53,0,0,0,0,0.102084808380574,39,48,1
"THBS",1.56981877502507,0.186592058141107,1.5645671272931,1.45746187619003,1.67590767620108,50,48,50,47,55,0,0,0,0,0.118862164926093,39,48,1
"FN1",1.41364497702855,0.187369249833178,1.40454071739338,1.32028348990471,1.51727857926891,51,49.75,52,47,58,0,0,0,0,0.132543356272538,38,50,0
"CD200",1.22196208042072,0.187070007990663,1.21983141453804,1.08627216417253,1.32253147644503,53,52,55,47,61,0,0,0,0,0.15308986341561,35,51,2
"HSPG",1.20920689804002,0.173000367420379,1.24360362877703,1.06677131530273,1.34981165705732,53,52,54,50,58,0,0,0,0,0.143069285910287,35,51,2
"PCDH",1.24410209517171,0.118899417397405,1.24629455000386,1.15302544503313,1.32709464388145,53,52,54,49,56,0,0,0,0,0.0955704663297703,35,51,2
"DHT",1.06608080002223,0.142720314782831,1.06200064070581,0.956817896313572,1.14149090824539,55,54,57,48,60,0,0,0,0,0.133873825304662,34,54,0
"NRG",0.960580717522743,0.111795672996095,0.95814181093805,0.881757075508192,1.02322165252426,57,56,58,52,62,0,0,0,0,0.116383424064983,33,55,0
"ADGRL",0.909864786815677,0.142241368454399,0.894716944065878,0.823095203242159,0.983211484567619,58,56,59,53,65,0,0,0,0,0.156332424900421,31,56,1
"CNTN",0.868977732937624,0.113417553756397,0.869503713511132,0.795207592125769,0.948953617328573,58,57,60,53,63,0,0,0,0,0.130518365957414,30,57,1
"GAS",0.875063401373484,0.111819546061436,0.882093151202404,0.787489842817924,0.938661475416193,58,56,60,53,64,0,0,0,0,0.127784507826434,30,56,2
"CD39",0.786971170805101,0.128783599612594,0.803781670641171,0.689514840191758,0.884433759629569,60,58,62,56,68,0,0,0,0,0.163644621798335,29,59,0
"PROS",0.685638109674734,0.107770765398328,0.684031168765333,0.611597534461584,0.76190345283273,62.5,61,64,56,70,0,0,0,0,0.157183161025653,26,60,2
"PDGF",0.82642222807785,0.560585734856008,0.670925174296074,0.576512466570193,0.757432460673621,62,61,65,35,71,0,0,0,0,0.67832848126539,25,60,3
"ADGRB",0.660896743700342,0.148840588571867,0.677508354371493,0.558343521697754,0.765464314689026,63,61,65.25,55,78,0,0,0,0,0.22521004981582,25,60,3
"RELN",0.64795897526372,0.0963726396549814,0.64797779471539,0.576114371060673,0.704113471017846,63,61,65,57,73,0,0,0,0,0.148732625573645,25,61,2
"Cholesterol",0.548251100182173,0.0822032344149533,0.549269692823996,0.487161137082759,0.596817907909655,66,65,68,60,75,0,0,0,0,0.149937199191463,22,64,2
"EPHA",0.540275146319554,0.152616756873603,0.558598655745476,0.439241990354277,0.634780679461956,66,63,70,57,88,0,0,0,0,0.282479691900052,22,64,2
"PECAM2",0.536398077548235,0.109007735112411,0.543671786111266,0.462143086360312,0.603847875410556,66,64,69,59,80,0,0,0,0,0.203221711029731,22,64,2
"GAP",0.452822872899737,0.130511901571578,0.463284442562465,0.380207907076557,0.551827507591929,69,67,74,62,87,0,0,0,0,0.288218439002033,20,67,1
"SEMA7",0.445783849177871,0.116586425111311,0.453810080291083,0.365997703818939,0.520298815372623,70,67,73.25,62,86,0,0,0,0,0.26153128994315,19,67,2
"IGF",0.400532478541987,0.0905648617700552,0.407467408264283,0.336851778895363,0.454755436856095,72,69,75,64,89,0,0,0,0,0.226111156078349,16,69,3
"PTPR",0.402541588997442,0.103993079803894,0.399649565598311,0.33468676936217,0.473963269857466,72,69,75.25,61,85,0,0,0,0,0.258341206589103,16,69,3
"SEMA5",0.420137794025288,0.0955264403195088,0.416479126754074,0.353795580953193,0.485674315655025,72,68,74.25,61,83,0,0,0,0,0.227369309969193,16,68,4
"EPHB",0.394793176238996,0.0774335141171624,0.396212993473141,0.332386087888206,0.444637108673751,73,70,75,62,81,0,0,0,0,0.196136911115927,16,69,3
"FGF",0.365225418706942,0.126998826883683,0.352707467213408,0.287773741417566,0.433702788837991,74,71,78.25,62,88,0,0,0,0,0.347727240161198,13,73,2
"SEMA6",0.361978680629937,0.0762842256442188,0.366471334155957,0.315271010772234,0.415874616467766,74,71,77,66,85,0,0,0,0,0.210742316402348,13,73,2
"TENASCIN",0.343093826385645,0.102737912656396,0.340051784523587,0.268826732392368,0.414825688441419,75.5,71.75,79,64,88,0,0,0,0,0.299445529926023,13,73,2
"Estradiol",0.271880917716777,0.0817699417245285,0.261186765466319,0.213166805765771,0.335012461321568,79.5,76,82,66,89,0,0,0,0,0.300756457684572,9,76,3
"NECTIN",0.263781836905294,0.0933943536849726,0.260777827099817,0.200730313128377,0.3351765992329,79.5,75,83.25,67,89,0,0,0,0,0.354059076927666,9,76,3
"NOTCH",0.264773291716861,0.118530706844739,0.258566324502339,0.185760240503919,0.365316183994268,80,74.75,84,67,89,0,0,0,0,0.447668668075069,9,76,3
"TGFb",0.258141345565962,0.100151686231466,0.271372529687249,0.18232040309249,0.318688668344205,80,76,84,67,89,0,0,0,0,0.387972279341336,8,76,4
"CLDN",0.229781457433016,0.101644916988893,0.21980893848275,0.148187047413725,0.306069126933982,81,77,86,69,89,0,0,0,0,0.442354740562668,6,79,3
"LAMININ",0.211242901786994,0.0975021507497275,0.203046439265979,0.136761249456353,0.2747598533118,83,79,86,67,89,0,0,0,0,0.461564151623156,3,80,5
"VCAM",0.203896641842097,0.0850112161958846,0.199449375181822,0.13706230709493,0.258061821157947,83,80,86,70,89,0,0,0,0,0.416932890251912,3,80,5
"MPZ",0.200707850253094,0.110005212223827,0.181920810304314,0.120204771653731,0.264869980919283,84,80,87,65,89,0,0,0,0,0.548086246178761,1,81,6
"COLLAGEN",0.190136285192905,0.0936287457110769,0.192625602075833,0.117558915840147,0.245426514761473,84,80,87,67,89,0,0,0,0,0.49242965705407,0,81,7
"CDH5",0.177754140480754,0.0900915662894563,0.171038128336388,0.120243909519796,0.218778472058701,84.5,82,87,69,89,0,0,0,0,0.506832448717056,0,83,5
"Androstenedione",0.166880778652681,0.0719351742329602,0.16390754776965,0.105822835675415,0.209519981469013,85,82,88,75,89,0,0,0,0,0.43105727821821,0,84,4
"CD99",0.181540359051828,0.0943936382990096,0.164867772472735,0.116727749197474,0.248602071471367,85,80,87,66,89,0,0,0,0,0.519959521904775,0,81,7
"SLIT",0.17641756277081,0.0841032293627352,0.169583939542313,0.11427788573982,0.22823670404735,85,81,87.25,73,89,0,0,0,0,0.476728212553285,0,83,5
