"gene","type"
"TGFB1","ligand"
"TGFB2","ligand"
"TGFB3","ligand"
"BMP2","ligand"
"BMP4","ligand"
"GDF5","ligand"
"GDF6","ligand"
"GDF7","ligand"
"BMP5","ligand"
"BMP6","ligand"
"BMP7","ligand"
"BMP8A","ligand"
"BMP8B","ligand"
"BMP10","ligand"
"GDF9","ligand"
"GDF10","ligand"
"GDF11","ligand"
"GDF15","ligand"
"MSTN","ligand"
"AMH","ligand"
"GDNF","ligand"
"NRTN","ligand"
"ARTN","ligand"
"NODAL","ligand"
"GDF1","ligand"
"GDF3","ligand"
"INHBA","ligand"
"INHBB","ligand"
"INHBC","ligand"
"Activin AB","ligand"
"Inhibin A","ligand"
"Inhibin B","ligand"
"WNT1","ligand"
"WNT10B","ligand"
"WNT16","ligand"
"WNT2","ligand"
"WNT2B","ligand"
"WNT3","ligand"
"WNT3A","ligand"
"WNT4","ligand"
"WNT6","ligand"
"WNT7A","ligand"
"WNT7B","ligand"
"WNT8A","ligand"
"WNT8B","ligand"
"WNT9A","ligand"
"WNT9B","ligand"
"WNT5A","ligand"
"WNT5B","ligand"
"WNT11","ligand"
"EGF","ligand"
"TGFA","ligand"
"AREG","ligand"
"BTC","ligand"
"HBEGF","ligand"
"EREG","ligand"
"NRG1","ligand"
"NRG2","ligand"
"NRG3","ligand"
"NRG4","ligand"
"FGF1","ligand"
"FGF2","ligand"
"FGF5","ligand"
"FGF6","ligand"
"FGF7","ligand"
"FGF3","ligand"
"FGF10","ligand"
"FGF22","ligand"
"FGF8","ligand"
"FGF18","ligand"
"FGF9","ligand"
"FGF20","ligand"
"FGF19","ligand"
"FGF23","ligand"
"PDGFA","ligand"
"PDGFB","ligand"
"PDGFC","ligand"
"PDGFD","ligand"
"VEGFA","ligand"
"VEGFB","ligand"
"VEGFC","ligand"
"VEGFD","ligand"
"PGF","ligand"
"IGF1","ligand"
"DHH","ligand"
"SHH","ligand"
"CCL5","ligand"
"CCL3","ligand"
"CCL8","ligand"
"CCL13","ligand"
"CCL15","ligand"
"CCL16","ligand"
"CCL2","ligand"
"CCL27","ligand"
"CCL11","ligand"
"CCL26","ligand"
"CCL28","ligand"
"CCL4","ligand"
"CCL20","ligand"
"CCL19","ligand"
"CCL25","ligand"
"CXCL1","ligand"
"CXCL2","ligand"
"CXCL8","ligand"
"CXCL9","ligand"
"CXCL10","ligand"
"CXCL11","ligand"
"CXCL13","ligand"
"CXCL12","ligand"
"CXCL16","ligand"
"MIF","ligand"
"CX3CL1","ligand"
"XCL1","ligand"
"IL2","ligand"
"IL4","ligand"
"IL15","ligand"
"TSLP","ligand"
"IL5","ligand"
"CSF2","ligand"
"IL13","ligand"
"IL12AB","ligand"
"IL23 complex","ligand"
"IL27 complex","ligand"
"IL31","ligand"
"CNTF","ligand"
"CLCF1","ligand"
"CTF1","ligand"
"LIF","ligand"
"IL10","ligand"
"IL19","ligand"
"IL22","ligand"
"IL26","ligand"
"IL1A","ligand"
"IL36A","ligand"
"IL36B","ligand"
"IL36G","ligand"
"IL37","ligand"
"IL18","ligand"
"IL33","ligand"
"IL17C","ligand"
"IL25","ligand"
"IL34","ligand"
"CSF1","ligand"
"IL16","ligand"
"GH1","ligand"
"PRL","ligand"
"THPO","ligand"
"CSF3","ligand"
"IFNB1","ligand"
"IFNK","ligand"
"IFNE","ligand"
"TNF","ligand"
"LTA","ligand"
"LTa1b2","ligand"
"FASLG","ligand"
"TNFSF15","ligand"
"EDA","ligand"
"NGF","ligand"
"TNFSF11","ligand"
"TNFSF8","ligand"
"TNFSF9","ligand"
"TNFSF13","ligand"
"TNFSF13B","ligand"
"SPP1","ligand"
"ADIPOQ","ligand"
"NAMPT","ligand"
"ANGPTL1","ligand"
"ANGPTL2","ligand"
"ANGPTL4","ligand"
"ANGPTL3","ligand"
"ANGPT1","ligand"
"ANGPT2","ligand"
"MDK","ligand"
"PTN","ligand"
"POSTN","ligand"
"AGT","ligand"
"GRP","ligand"
"NMB","ligand"
"KNG1","ligand"
"C5","ligand"
"CCK","ligand"
"EDN1","ligand"
"EDN3","ligand"
"GAL","ligand"
"GHRL","ligand"
"POMC","ligand"
"NMU","ligand"
"NMS","ligand"
"NPFF","ligand"
"NPY","ligand"
"NTS","ligand"
"PENK","ligand"
"TAC1","ligand"
"TAC4","ligand"
"TAC3","ligand"
"PRLH","ligand"
"F2","ligand"
"PLG","ligand"
"GZMA","ligand"
"PMCH","ligand"
"PROK1","ligand"
"PROK2","ligand"
"ADCYAP1","ligand"
"VIP","ligand"
"NPPA","ligand"
"KITLG","ligand"
"GCG","ligand"
"FSHB","ligand"
"CGA","ligand"
"LHB","ligand"
"FLT3LG","ligand"
"HGF","ligand"
"NTF3","ligand"
"SEMA3A","ligand"
"SEMA3B","ligand"
"SEMA3C","ligand"
"SEMA3D","ligand"
"SEMA3F","ligand"
"SEMA3G","ligand"
"SEMA3E","ligand"
"APELA","ligand"
"CRH","ligand"
"ENHO","ligand"
"GAS6","ligand"
"GHRH","ligand"
"GRN","ligand"
"IAPP","ligand"
"INSL3","ligand"
"INSL5","ligand"
"NPS","ligand"
"NPVF","ligand"
"OSTN","ligand"
"PROS1","ligand"
"PSAP","ligand"
"PTH","ligand"
"PTH2","ligand"
"QRFP","ligand"
"RARRES2","ligand"
"SCT","ligand"
"BTLA","ligand"
"UCN","ligand"
"UCN3","ligand"
"BAG6","ligand"
"KLK6","ligand"
"KLK1","ligand"
"PROC","ligand"
"PTPRS","both"
"SLITRK1","ligand"
"SLITRK4","ligand"
"SLITRK6","ligand"
"IGFBP3","ligand"
"PPIA","ligand"
"SLIT1","ligand"
"SLIT2","ligand"
"TULP2","ligand"
"TUB","ligand"
"PLAU","ligand"
"COL1A1","ligand"
"COL1A2","ligand"
"COL2A1","ligand"
"COL4A1","ligand"
"COL4A2","ligand"
"COL4A3","ligand"
"COL4A4","ligand"
"COL4A5","ligand"
"COL4A6","ligand"
"COL6A1","ligand"
"COL6A2","ligand"
"COL6A3","ligand"
"COL6A5","ligand"
"COL6A6","ligand"
"COL9A1","ligand"
"COL9A2","ligand"
"COL9A3","ligand"
"FN1","ligand"
"LAMA1","ligand"
"LAMA2","ligand"
"LAMA3","ligand"
"LAMA4","ligand"
"LAMA5","ligand"
"LAMB1","ligand"
"LAMB2","ligand"
"LAMB3","ligand"
"LAMC1","ligand"
"LAMC2","ligand"
"LAMC3","ligand"
"CHAD","ligand"
"RELN","ligand"
"THBS1","ligand"
"THBS2","ligand"
"THBS3","ligand"
"THBS4","ligand"
"COMP","ligand"
"TNC","ligand"
"TNR","ligand"
"TNN","ligand"
"TNXB","ligand"
"Npnt complex 1","ligand"
"Npnt complex 2","ligand"
"VWF","ligand"
"IBSP","ligand"
"DMP1","ligand"
"AGRN","ligand"
"HSPG2","ligand"
"Ach-CHAT_SLC10A4","ligand"
"Ach-CHAT_SLC18A3","ligand"
"Ach-CHAT_SLC5A7","ligand"
"GABA-GAD1_SLC32A1","ligand"
"GABA-GAD1_SLC6A1","ligand"
"GABA-GAD1_SLC6A11","ligand"
"GABA-GAD1_SLC6A12","ligand"
"GABA-GAD1_SLC6A13","ligand"
"GABA-GAD1_SLC6A6","ligand"
"GABA-GAD1_SLC6A8","ligand"
"GABA-GAD2_SLC32A1","ligand"
"GABA-GAD2_SLC6A1","ligand"
"GABA-GAD2_SLC6A11","ligand"
"GABA-GAD2_SLC6A12","ligand"
"GABA-GAD2_SLC6A13","ligand"
"GABA-GAD2_SLC6A6","ligand"
"GABA-GAD2_SLC6A8","ligand"
"Gly-SHMT1_SLC6A5","ligand"
"Gly-SHMT1_SLC6A9","ligand"
"Gly-SHMT2_SLC6A5","ligand"
"Gly-SHMT2_SLC6A9","ligand"
"ADO-NT5E_SLC29A1","ligand"
"ADO-NT5E_SLC29A2","ligand"
"ADO-NT5E_SLC29A3","ligand"
"ADO-NT5E_SLC29A4","ligand"
"ADR-PNMT_SLC18A1","ligand"
"ADR-PNMT_SLC18A2","ligand"
"NE-DBH_SLC18A1","ligand"
"NE-DBH_SLC18A2","ligand"
"NE-DBH_SLC6A2","ligand"
"LTC4-LTC4S","ligand"
"LTD4-GGT1","ligand"
"LTE4-DPEP1","ligand"
"LTE4-DPEP2","ligand"
"LTE4-DPEP3","ligand"
"DOPA-DDC_SLC18A1","ligand"
"DOPA-DDC_SLC18A2","ligand"
"DOPA-DDC_SLC6A3","ligand"
"Glu-SLC17A6_GLS","ligand"
"Glu-SLC17A7_GLS","ligand"
"Glu-SLC17A8_GLS","ligand"
"Glu-SLC1A1_GLS","ligand"
"Glu-SLC1A2_GLS","ligand"
"Glu-SLC1A3_GLS","ligand"
"Glu-SLC1A6_GLS","ligand"
"Glu-SLC17A6_GLS2","ligand"
"Glu-SLC17A7_GLS2","ligand"
"Glu-SLC17A8_GLS2","ligand"
"Glu-SLC1A1_GLS2","ligand"
"Glu-SLC1A2_GLS2","ligand"
"Glu-SLC1A3_GLS2","ligand"
"Glu-SLC1A6_GLS2","ligand"
"Glu-NRXN1_CBLN1","ligand"
"Hist-HDC","ligand"
"5-HT-TPH1_SLC18A1","ligand"
"5-HT-TPH1_SLC18A2","ligand"
"5-HT-TPH1_SLC6A4","ligand"
"5-HT-TPH2_SLC18A1","ligand"
"5-HT-TPH2_SLC18A2","ligand"
"5-HT-TPH2_SLC6A4","ligand"
"LTB4-LTA4H","ligand"
"b-Endorphin-POMC","ligand"
"PNOC","ligand"
"PGD2-PTGDS","ligand"
"PGE2-PTGES","ligand"
"PGE2-PTGES3","ligand"
"PGF2a-PRXL2B","ligand"
"PGI2-PTGIS","ligand"
"TXA2-TBXAS1","ligand"
"12oxoLTB4-PTGR1","ligand"
"22HC-CYP11A1","ligand"
"2AG-DAGLA","ligand"
"2AG-DAGLB","ligand"
"5alphaP-DHRS9","ligand"
"Aldo-CYP11B2","ligand"
"Androstenedione-CYP17A1","ligand"
"Androsterone-HSD17B6","ligand"
"RA-ALDH1A1","ligand"
"RA-ALDH1A2","ligand"
"RA-ALDH1A3","ligand"
"Cholesterol-CEL","ligand"
"Cholesterol-DHCR24","ligand"
"Cholesterol-DHCR7","ligand"
"Cholesterol-LIPA","ligand"
"Cort-CYP11B1","ligand"
"DHEA-STS","ligand"
"Desmosterol-DHCR7","ligand"
"DOC-CYP21A2","ligand"
"DHEAS-SULT1E1","ligand"
"DHEAS-SULT2A1","ligand"
"DHT-SRD5A1","ligand"
"DHT-SRD5A2","ligand"
"DHT-SRD5A3","ligand"
"E2-CYP19A1","ligand"
"Melatonin-ASMT","ligand"
"Pregnenolone-CYP11A1","ligand"
"5-HT-DOPA-DDC","ligand"
"Testosterone-AKR1D1","ligand"
"Testosterone-HSD17B12","ligand"
"Testosterone-HSD17B3","ligand"
"T3-DIO3","ligand"
"APP","ligand"
"CADM1","both"
"CADM3","both"
"FCER2","ligand"
"CD34","both"
"ENTPD1","ligand"
"PTPRC","ligand"
"CD46","ligand"
"CD48","ligand"
"CD6","ligand"
"CD80","ligand"
"CD86","ligand"
"CD96","ligand"
"CD99","both"
"CDH15","both"
"CDH4","both"
"CDH2","both"
"CDH1","both"
"CDH5","both"
"CLDN11","both"
"CLEC2B","ligand"
"CLEC2L","ligand"
"NFASC","ligand"
"CNTN2","both"
"CNTN1","ligand"
"CSPG4","ligand"
"DSC1","ligand"
"DSC2","ligand"
"DSC3","ligand"
"EPGN","ligand"
"EFNA1","ligand"
"EFNA3","ligand"
"EFNA4","ligand"
"EFNA5","ligand"
"EFNB1","ligand"
"EFNB2","ligand"
"EFNB3","ligand"
"ESAM","both"
"GP1BA","ligand"
"ICAM1","ligand"
"ICAM2","ligand"
"ICAM5","ligand"
"ICOSLG","ligand"
"JAM2","both"
"JAM3","both"
"F11R","both"
"L1CAM","both"
"LCK","ligand"
"HLA-DMA","ligand"
"HLA-DMB","ligand"
"HLA-DRA","ligand"
"MPZ","both"
"MPZL1","both"
"NCAM1","both"
"NCAM2","both"
"NECTIN1","both"
"NECTIN3","both"
"NECTIN2","both"
"NEGR1","both"
"LRRC4C","ligand"
"LRRC4","ligand"
"LRRC4B","ligand"
"DLK1","ligand"
"DLL1","ligand"
"DLL3","ligand"
"DLL4","ligand"
"JAG1","both"
"JAG2","ligand"
"NRXN1","ligand"
"NRXN2","ligand"
"NRXN3","ligand"
"OCLN","both"
"CD274","both"
"PDCD1LG2","ligand"
"PECAM1","both"
"PTPRM","both"
"PVR","both"
"SELE","both"
"SELL","both"
"SELPLG","ligand"
"SEMA4A","ligand"
"SEMA4D","ligand"
"SEMA4C","ligand"
"SEMA4G","ligand"
"SEMA5A","ligand"
"SEMA5B","ligand"
"SEMA6D","ligand"
"SEMA6A","ligand"
"SEMA6B","ligand"
"SEMA7A","ligand"
"THY1","ligand"
"ITGA4_ITGB1","both"
"ITGA9_ITGB1","both"
"ITGA4_ITGB7","both"
"VSIR","ligand"
"CDH3","both"
"CDH12","ligand"
"GJA5","both"
"GJA1","both"
"GJC1","both"
"GJA3","both"
"CLDN1","both"
"PCDHA3","both"
"PCDHB1","both"
"PCDHB2","both"
"PCDHB3","both"
"PCDHB4","both"
"PCDHB5","both"
"PCDHB6","both"
"PCDHB7","both"
"PCDHB8","both"
"PCDHGC3","both"
"SDC1","both"
"SDC2","both"
"ITGAV_ITGB3","both"
"TAX1BP3","ligand"
"RTN4R","ligand"
"ITGAV_ITGB5","both"
"C1QL1","ligand"
"C1QL4","ligand"
"CD55","ligand"
"LPAR1","ligand"
"LPAR2","ligand"
"LPAR3","ligand"
"ITGAV_ITGB1","both"
"TGM2","ligand"
"PRNP","ligand"
"FLRT1","both"
"FLRT2","both"
"FLRT3","both"
"TENM1","ligand"
"TENM2","ligand"
"TENM3","ligand"
"TENM4","ligand"
"TENM2_FLRT1","ligand"
"TENM2_FLRT3","ligand"
"TENM4_FLRT1","ligand"
"TENM4_FLRT3","ligand"
"UNC5A","both"
"TENM3_FLRT1","ligand"
"TENM3_FLRT3","ligand"
"LRFN4","ligand"
"LRFN5","ligand"
"APOA1","ligand"
"APOB","ligand"
"APOE","ligand"
"CD160","ligand"
"CD276","ligand"
"MMP2","ligand"
"NTN1","ligand"
"NTN4","ligand"
"CD200","ligand"
"VCAM1","both"
"TGFbR1_R2","receptor"
"ACVR1B_TGFbR2","receptor"
"ACVR1C_TGFbR2","receptor"
"ACVR1_TGFbR","receptor"
"BMPR1A_ACVR2A","receptor"
"BMPR1A_ACVR2B","receptor"
"BMPR1A_BMPR2","receptor"
"BMPR1B_ACVR2A","receptor"
"BMPR1B_ACVR2B","receptor"
"BMPR1B_BMPR2","receptor"
"ACVR1_ACVR2A","receptor"
"ACVR1_ACVR2B","receptor"
"ACVR1_BMPR2","receptor"
"ACVRL1_BMPR2","receptor"
"ACVRL1_ACVR2A","receptor"
"ACVR1B_BMPR2","receptor"
"ACVR1B_ACVR2A","receptor"
"TGFBR1_ACVR2A","receptor"
"TGFBR1_ACVR2B","receptor"
"ACVR1B_ACVR2B","receptor"
"TGFBR2","receptor"
"AMHR2_ACVR1","receptor"
"AMHR2_BMPR1A","receptor"
"GFRA1_RET","receptor"
"GFRA2_RET","receptor"
"GFRA3_RET","receptor"
"ACVR1B_ACVR2A_CFC1","receptor"
"ACVR1C_ACVR2A_CFC1","receptor"
"ACVR1B_ACVR2B_CFC1","receptor"
"ACVR1C_ACVR2B_CFC1","receptor"
"ACVR1C_ACVR2A","receptor"
"ACVR1C_ACVR2B","receptor"
"ACVR2A","receptor"
"ACVR2B","receptor"
"FZD1_LRP5","receptor"
"FZD10_LRP5","receptor"
"FZD2_LRP5","receptor"
"FZD3_LRP5","receptor"
"FZD4_LRP5","receptor"
"FZD5_LRP5","receptor"
"FZD6_LRP5","receptor"
"FZD7_LRP5","receptor"
"FZD8_LRP5","receptor"
"FZD9_LRP5","receptor"
"FZD1_LRP6","receptor"
"FZD10_LRP6","receptor"
"FZD2_LRP6","receptor"
"FZD3_LRP6","receptor"
"FZD4_LRP6","receptor"
"FZD5_LRP6","receptor"
"FZD6_LRP6","receptor"
"FZD7_LRP6","receptor"
"FZD8_LRP6","receptor"
"FZD9_LRP6","receptor"
"FZD1","receptor"
"FZD10","receptor"
"FZD3","receptor"
"FZD4","receptor"
"FZD6","receptor"
"FZD7","receptor"
"FZD8","receptor"
"MCAM","receptor"
"EGFR","receptor"
"EGFR_ERBB2","receptor"
"ERBB4","receptor"
"ERBB2_ERBB4","receptor"
"ERBB3","receptor"
"ERBB2_ERBB3","receptor"
"FGFR1","receptor"
"FGFR2","receptor"
"FGFR3","receptor"
"FGFR4","receptor"
"PDGFRA","receptor"
"PDGFRB","receptor"
"FLT1","receptor"
"KDR","receptor"
"FLT4","receptor"
"FLT1_KDR","receptor"
"FLT4_KDR","receptor"
"IGF1R","receptor"
"ITGA6_ITGB4","receptor"
"PTCH1_SMO","receptor"
"PTCH2_SMO","receptor"
"CCR1","receptor"
"CCR2","receptor"
"CCR3","receptor"
"CCR4","receptor"
"CCR5","receptor"
"CCR6","receptor"
"CCR7","receptor"
"ACKR4","receptor"
"CCR9","receptor"
"CCR10","receptor"
"ACKR1","receptor"
"ACKR2","receptor"
"CXCR2","receptor"
"CXCR3","receptor"
"CXCR4","receptor"
"ACKR3","receptor"
"CXCR6","receptor"
"CD74_CXCR4","receptor"
"CD74_CD44","receptor"
"CD74_CXCR2","receptor"
"CX3CR1","receptor"
"XCR1","receptor"
"IL2RA_IL2RB","receptor"
"IL2RB_IL2RG","receptor"
"IL4R_IL2RG","receptor"
"IL15RA_IL2RB","receptor"
"IL7R_CRLF2","receptor"
"IL5RA_CSF2RB","receptor"
"CSF2RA_CSF2RB","receptor"
"IL4R","receptor"
"IL4R_IL13RA1","receptor"
"IL4R_IL13RA2","receptor"
"IL13RA1","receptor"
"IL13RA2","receptor"
"IL12RB1_IL12RB2","receptor"
"IL23R_IL12RB1","receptor"
"IL27RA_IL6ST","receptor"
"IL31RA_OSMR","receptor"
"CNTFR_LIFR","receptor"
"LIFR_IL6ST","receptor"
"IL10RA_IL10RB","receptor"
"IL20RA_IL20RB","receptor"
"IL22RA1_IL10RB","receptor"
"IL20RA_IL10RB","receptor"
"IL1R1_IL1RAP","receptor"
"IL1R2","receptor"
"IL1RL2_IL1RAP","receptor"
"IL18R1_IL18RAP","receptor"
"IL1RL1_IL1RAP","receptor"
"IL17RA_IL17RE","receptor"
"IL17RA_IL17RB","receptor"
"CSF1R","receptor"
"CD4","receptor"
"GHR","receptor"
"PRLR","receptor"
"MPL","receptor"
"CSF3R","receptor"
"IFNAR1_IFNAR2","receptor"
"TNFRSF1A","receptor"
"TNFRSF1B","receptor"
"TNFRSF14","receptor"
"LTBR","receptor"
"FAS","receptor"
"TNFRSF25","receptor"
"EDAR","receptor"
"EDA2R","receptor"
"NGFR","receptor"
"TNFRSF11A","receptor"
"TNFRSF11B","receptor"
"TNFRSF8","receptor"
"TNFRSF9","receptor"
"TNFRSF17","receptor"
"TNFRSF13B","receptor"
"CD44","receptor"
"ITGAV_ITGB6","receptor"
"ITGA8_ITGB1","receptor"
"ITGA5_ITGB1","receptor"
"ADIPOR1","receptor"
"ADIPOR2","receptor"
"ITGA1_ITGB1","receptor"
"CDH11","receptor"
"SDC3","receptor"
"SDC4","receptor"
"TEK","receptor"
"PTPRZ1","receptor"
"ITGA6_ITGB1","receptor"
"LRP1","receptor"
"ALK","receptor"
"AGTR1","receptor"
"GRPR","receptor"
"NMBR","receptor"
"BDKRB1","receptor"
"BDKRB2","receptor"
"C5AR1","receptor"
"CCKBR","receptor"
"EDNRA","receptor"
"EDNRB","receptor"
"GALR1","receptor"
"GALR2","receptor"
"GHSR","receptor"
"MC1R","receptor"
"MC2R","receptor"
"MC4R","receptor"
"MC5R","receptor"
"NMUR1","receptor"
"NMUR2","receptor"
"NPFFR1","receptor"
"NPFFR2","receptor"
"NPY1R","receptor"
"NPY2R","receptor"
"NPY4R","receptor"
"NPY5R","receptor"
"GPR83","receptor"
"NTSR1","receptor"
"NTSR2","receptor"
"OPRD1","receptor"
"OPRK1","receptor"
"OPRL1","receptor"
"TACR1","receptor"
"TACR2","receptor"
"TACR3","receptor"
"PRLHR","receptor"
"F2R","receptor"
"F2RL2","receptor"
"F2RL3","receptor"
"PARD3","receptor"
"MCHR1","receptor"
"PROKR2","receptor"
"PROKR1","receptor"
"ADCYAP1R1","receptor"
"VIPR1","receptor"
"VIPR2","receptor"
"NPR1","receptor"
"KIT","receptor"
"GIPR","receptor"
"FSHR","receptor"
"LHCGR","receptor"
"NTRK1","receptor"
"FLT3","receptor"
"MET","receptor"
"NTRK2","receptor"
"NTRK3","receptor"
"NRP1_PLXNA1","receptor"
"NRP1_PLXNA2","receptor"
"NRP1_PLXNA3","receptor"
"NRP1_PLXNA4","receptor"
"NRP2_PLXNA1","receptor"
"NRP2_PLXNA2","receptor"
"NRP2_PLXNA3","receptor"
"NRP2_PLXNA4","receptor"
"NRP1_NRP2","receptor"
"PLXND1","receptor"
"APLNR","receptor"
"CRHR1","receptor"
"CRHR2","receptor"
"GPR19","receptor"
"AXL","receptor"
"MERTK","receptor"
"TYRO3","receptor"
"GCGR","receptor"
"GLP1R","receptor"
"GLP2R","receptor"
"GHRHR","receptor"
"SORT1","receptor"
"CALCR","receptor"
"CALCRL","receptor"
"RXFP2","receptor"
"RXFP1","receptor"
"RXFP4","receptor"
"NPSR1","receptor"
"NPR3","receptor"
"GPR37L1","receptor"
"GPR37","receptor"
"PTH1R","receptor"
"PTH2R","receptor"
"QRFPR","receptor"
"CMKLR1","receptor"
"SCTR","receptor"
"NCR3","receptor"
"CALCR_RAMP1","receptor"
"CALCR_RAMP2","receptor"
"CALCR_RAMP3","receptor"
"CALCRL_RAMP1","receptor"
"CALCRL_RAMP2","receptor"
"CALCRL_RAMP3","receptor"
"PROCR_HSP90AA1","receptor"
"PROCR_F2R","receptor"
"PTPRD","receptor"
"TMEM219","receptor"
"AMHR2_BMPR1B","receptor"
"BSG","receptor"
"PROCR","receptor"
"ROBO1","receptor"
"ROBO2","receptor"
"PLAUR","receptor"
"ITGA2_ITGB1","receptor"
"ITGA3_ITGB1","receptor"
"ITGA7_ITGB1","receptor"
"ITGA10_ITGB1","receptor"
"ITGA11_ITGB1","receptor"
"ITGA2B_ITGB3","receptor"
"ITGAV_ITGB8","receptor"
"SV2A","receptor"
"SV2B","receptor"
"SV2C","receptor"
"CD36","receptor"
"GP complex","receptor"
"GP6","receptor"
"CD47","receptor"
"DAG1","receptor"
"LRP8","receptor"
"VLDLR","receptor"
"CHRN_A1_2B1DE","receptor"
"CHRN_A1_2B1DG","receptor"
"CHRN_A3B4","receptor"
"CHRN_A4B2","receptor"
"GABR_A1B3G2","receptor"
"GABR_A1B2G2","receptor"
"GABR_A1B2","receptor"
"GABR_A1B3","receptor"
"GABR_A1B2D","receptor"
"GABR_A2B3G2","receptor"
"GABR_A3B3G2","receptor"
"GABR_A3B3Q","receptor"
"GABR_A3B3E","receptor"
"GABR_A4B3G2","receptor"
"GABR_A4B3D","receptor"
"GABR_A4B2D","receptor"
"GABR_A5B3G2","receptor"
"GABR_A6B3G2","receptor"
"GABR_A6B3D","receptor"
"GLRA1_GLRB","receptor"
"GLRA2","receptor"
"ADORA1","receptor"
"ADORA2A","receptor"
"ADORA2B","receptor"
"ADRA1A","receptor"
"ADRA1B","receptor"
"ADRA1D","receptor"
"ADRA2A","receptor"
"ADRA2C","receptor"
"ADRB1","receptor"
"ADRB2","receptor"
"ADRB3","receptor"
"CHRM1","receptor"
"CHRM2","receptor"
"CHRM3","receptor"
"CHRM4","receptor"
"CHRM5","receptor"
"CYSLTR1","receptor"
"CYSLTR2","receptor"
"DRD1","receptor"
"DRD2","receptor"
"DRD3","receptor"
"DRD4","receptor"
"DRD5","receptor"
"GABBR1","receptor"
"GABBR2","receptor"
"GRIA1","receptor"
"GRIA2","receptor"
"GRIA3","receptor"
"GRIA4","receptor"
"GRID2","receptor"
"GRIK1","receptor"
"GRIK2","receptor"
"GRIK3","receptor"
"GRM1","receptor"
"GRM2","receptor"
"GRM3","receptor"
"GRM4","receptor"
"GRM5","receptor"
"GRM6","receptor"
"GRM7","receptor"
"GRM8","receptor"
"HRH1","receptor"
"HRH2","receptor"
"HRH3","receptor"
"HTR1A","receptor"
"HTR1D","receptor"
"HTR1E","receptor"
"HTR1F","receptor"
"HTR2A","receptor"
"HTR2B","receptor"
"HTR2C","receptor"
"HTR4","receptor"
"HTR5A","receptor"
"HTR7","receptor"
"LTB4R","receptor"
"PTGDR","receptor"
"PTGER1","receptor"
"PTGER2","receptor"
"PTGER3","receptor"
"PTGER4","receptor"
"PTGFR","receptor"
"PTGIR","receptor"
"TBXA2R","receptor"
"GRIK1_GRIK4","receptor"
"GRIK2_GRIK4","receptor"
"GRIK3_GRIK4","receptor"
"GRIK1_GRIK5","receptor"
"GRIK2_GRIK5","receptor"
"GRIK3_GRIK5","receptor"
"GRIN1_GRIN2A","receptor"
"GRIN1_GRIN2B","receptor"
"GRIN1_GRIN2C","receptor"
"GRIN1_GRIN2D","receptor"
"NR1H4","receptor"
"CNR1","receptor"
"CNR2","receptor"
"GPR55","receptor"
"PGR","receptor"
"NR3C1","receptor"
"NR3C2","receptor"
"AR","receptor"
"RARA_CRABP2","receptor"
"RARA_RXRA_CRABP2","receptor"
"RARB_CRABP2","receptor"
"RARB_RXRB_CRABP2","receptor"
"RARG_CRABP2","receptor"
"RARG_RXRG_CRABP2","receptor"
"RXRA_CRABP2","receptor"
"RXRB_CRABP2","receptor"
"RXRG_CRABP2","receptor"
"RORB","receptor"
"RORA","receptor"
"RORC","receptor"
"ESR1","receptor"
"NR1I2","receptor"
"PPARA","receptor"
"NR1H2","receptor"
"NR1H3","receptor"
"PPARD","receptor"
"PPARG","receptor"
"ESR2","receptor"
"GPER1","receptor"
"MTNR1A","receptor"
"MTNR1B","receptor"
"HTR3A","receptor"
"HTR3B","receptor"
"THRA","receptor"
"THRB","receptor"
"CD74","receptor"
"ITGAM_ITGB2","receptor"
"ITGAX_ITGB2","receptor"
"SELP","receptor"
"TMIGD3","receptor"
"CD22","receptor"
"MRC1","receptor"
"CD244","receptor"
"ALCAM","receptor"
"CD28","receptor"
"CTLA4","receptor"
"PILRA","receptor"
"CD99L2","receptor"
"ITGAE_ITGB7","receptor"
"KLRG1","receptor"
"KLRB1","receptor"
"CNTN1_CNTNAP1","receptor"
"CNTN2_CNTNAP2","receptor"
"NRCAM","receptor"
"DSG1","receptor"
"DSG2","receptor"
"EPHA1","receptor"
"EPHA2","receptor"
"EPHA3","receptor"
"EPHA4","receptor"
"EPHA5","receptor"
"EPHA7","receptor"
"EPHA8","receptor"
"EPHB2","receptor"
"EPHB1","receptor"
"EPHB3","receptor"
"EPHB4","receptor"
"EPHB6","receptor"
"ITGAL_ITGB2","receptor"
"ITGAL","receptor"
"CD209","receptor"
"ICOS","receptor"
"CD8 receptor","receptor"
"NECTIN4","receptor"
"TIGIT","receptor"
"CD226","receptor"
"NTNG1","receptor"
"NTNG2","receptor"
"PTPRF","receptor"
"NOTCH1","receptor"
"NOTCH2","receptor"
"NOTCH3","receptor"
"NOTCH4","receptor"
"NLGN1","receptor"
"NLGN2","receptor"
"NLGN3","receptor"
"PDCD1","receptor"
"GLG1","receptor"
"PODXL","receptor"
"PLXNB1","receptor"
"PLXNB2","receptor"
"PLXNB3","receptor"
"CD72","receptor"
"PLXNA1","receptor"
"PLXNA3","receptor"
"PLXNA1_KDR","receptor"
"PLXNA1_TREM2","receptor"
"PLXNA2","receptor"
"PLXNA4","receptor"
"ITGB1_ITGA1","receptor"
"PLXNC1","receptor"
"IGSF11","receptor"
"DSG3","receptor"
"DSG4","receptor"
"ADGRA2","receptor"
"ADGRB1","receptor"
"ADGRB2","receptor"
"ADGRB3","receptor"
"ADGRE5","receptor"
"ADGRG1","receptor"
"ADGRG6","receptor"
"ADGRL1","receptor"
"ADGRL2","receptor"
"ADGRL3","receptor"
"UNC5B","receptor"
"UNC5C","receptor"
"UNC5D","receptor"
"CLSTN1","receptor"
"CLSTN2","receptor"
"CLSTN3","receptor"
"LRRTM1","receptor"
"LRRTM2","receptor"
"LRRTM3","receptor"
"LRRTM4","receptor"
"SORL1","receptor"
"TNFRSF21","receptor"
"TREM2_TYROBP","receptor"
"ABCA1","receptor"
"CUBN_AMN","receptor"
"CADM4","receptor"
"EPB41L1","receptor"
"TREML2","receptor"
"MMP14_ITGAV_ITGB3","receptor"
"DCC","receptor"
"DSCAM","receptor"
"CD200R1","receptor"
"CD177","receptor"
"CD38","receptor"
"ITGAD_ITGB2","receptor"
