"pathway","distance","rank","iter"
"LAMININ",0.457236877010929,19,1
"ADGRL",0.3036853763465,23,1
"CADM",4.96816133323979,1,1
"PTPRM",4.37596839331778,4,1
"NRG",0.704904968751161,14,1
"COLLAGEN",0.654417227175575,15,1
"JAM",0.4126553958302,20,1
"CDH",2.61406777713542,8,1
"Testosterone",2.65356711059382,7,1
"NCAM",2.4119514308681,9,1
"Cholesterol",1.02820616795288,12,1
"APP",4.72235124176305,2,1
"MPZ",0.245634062158048,24,1
"NRXN",0.795541220480684,13,1
"PROS",1.27739133438348,11,1
"IGF",0.375318371679347,21,1
"Androstenedione",3.81615871447857,5,1
"NECTIN",0.466528239984901,18,1
"PDGF",0.479854331603129,17,1
"EPHB",0.31974573339285,22,1
"EPHA",2.7213324054871,6,1
"NGL",2.02646522023729,10,1
"Netrin",0.563128205452951,16,1
"SEMA6",4.41486034174235,3,1
"LAMININ",0.47272657785234,20,2
"ADGRL",0.315490975032157,24,2
"CADM",4.49433863824677,3,2
"PTPRM",4.21039816273831,4,2
"NRG",0.408241248959542,21,2
"COLLAGEN",0.635936449628477,16,2
"JAM",0.794912265753896,13,2
"CDH",2.4190322786511,9,2
"Testosterone",2.67284751784063,8,2
"NCAM",2.36347186074368,10,2
"Cholesterol",0.79224350263918,14,2
"APP",4.76374550925869,2,2
"MPZ",0.537948141702785,18,2
"NRXN",0.910348560968861,12,2
"PROS",3.1199106611905,7,2
"IGF",0.328982621816688,23,2
"Androstenedione",4.02664397399892,5,2
"NECTIN",0.682590281956856,15,2
"PDGF",0.40041221883644,22,2
"EPHB",0.53643909539846,19,2
"EPHA",5.88626053313412,1,2
"NGL",1.64870039745549,11,2
"Netrin",0.566829625456045,17,2
"SEMA6",4.02062395587883,6,2
"LAMININ",0.514459327127686,18,3
"ADGRL",0.279145874962809,24,3
"CADM",4.11148162171109,5,3
"PTPRM",4.075015796876,6,3
"NRG",0.602347865240822,15,3
"COLLAGEN",0.561407543450403,17,3
"JAM",0.561424646550695,16,3
"CDH",3.49133036851402,7,3
"Testosterone",2.12469266964415,10,3
"NCAM",1.91453365190185,11,3
"Cholesterol",1.06217025945712,12,3
"APP",4.51100377417358,4,3
"MPZ",0.289793886065616,23,3
"NRXN",0.671104017533952,13,3
"PROS",2.20051638718404,9,3
"IGF",0.33667269407081,20,3
"Androstenedione",5.90262428525591,2,3
"NECTIN",0.484824461987578,19,3
"PDGF",0.326039954694834,21,3
"EPHB",0.315334281101037,22,3
"EPHA",7.68648229070584,1,3
"NGL",2.61167540322355,8,3
"Netrin",0.647610961674299,14,3
"SEMA6",4.88667672882131,3,3
"LAMININ",0.418663568865401,18,4
"ADGRL",0.25954517079327,22,4
"CADM",3.67571231431155,4,4
"PTPRM",4.6075640220374,2,4
"NRG",0.112214334180517,24,4
"COLLAGEN",0.850282607596251,13,4
"JAM",0.710377333753331,14,4
"CDH",2.3256842087271,8,4
"Testosterone",2.71998542561733,7,4
"NCAM",2.04593699236771,9,4
"Cholesterol",1.00930467847241,12,4
"APP",4.30908384601122,3,4
"MPZ",0.246829817416796,23,4
"NRXN",0.388552285736834,21,4
"PROS",10.7261946589136,1,4
"IGF",0.429061757238556,17,4
"Androstenedione",3.00901072507611,5,4
"NECTIN",0.511920542827679,15,4
"PDGF",0.432189934904251,16,4
"EPHB",0.399148738415278,20,4
"EPHA",1.9041217385027,11,4
"NGL",1.94780186093823,10,4
"Netrin",0.411054410433323,19,4
"SEMA6",2.81574356861462,6,4
"LAMININ",0.433068988301978,19,5
"ADGRL",0.287731869634111,23,5
"CADM",4.81145522745935,5,5
"PTPRM",4.32943904227614,6,5
"NRG",0.344617157143164,20,5
"COLLAGEN",0.697008832557995,13,5
"JAM",0.500628174732629,18,5
"CDH",4.21477513952542,7,5
"Testosterone",2.47190204584031,10,5
"NCAM",2.2950002808157,11,5
"Cholesterol",0.977885280194199,12,5
"APP",4.93289048187348,4,5
"MPZ",0.248538481984322,24,5
"NRXN",0.566786464292663,14,5
"PROS",9.32232187733559,1,5
"IGF",0.304863320338338,22,5
"Androstenedione",8.36090135366091,2,5
"NECTIN",0.53732552097249,16,5
"PDGF",0.337156272313531,21,5
"EPHB",0.538780113684136,15,5
"EPHA",3.04179383931139,8,5
"NGL",2.48446592928922,9,5
"Netrin",0.501432021256538,17,5
"SEMA6",6.54556651736743,3,5
"LAMININ",0.345811760550155,20,6
"ADGRL",0.171068198429218,24,6
"CADM",3.7952286081572,4,6
"PTPRM",3.59716529307344,6,6
"NRG",0.240766387219906,22,6
"COLLAGEN",0.739798889987327,16,6
"JAM",0.80077401556263,15,6
"CDH",4.03683015213337,2,6
"Testosterone",2.4191297528329,7,6
"NCAM",1.83263738715266,11,6
"Cholesterol",1.07346764830722,12,6
"APP",3.69325304177551,5,6
"MPZ",0.199684111971446,23,6
"NRXN",0.896771655621457,14,6
"PROS",2.22238455350124,10,6
"IGF",0.313737462606193,21,6
"Androstenedione",4.70193626529672,1,6
"NECTIN",0.543353946798043,17,6
"PDGF",0.349429218427698,19,6
"EPHB",0.515132793915068,18,6
"EPHA",2.28281302251619,8,6
"NGL",2.24148506917351,9,6
"Netrin",0.955063947578458,13,6
"SEMA6",3.86812501291487,3,6
"LAMININ",0.320198894906531,19,7
"ADGRL",0.150327089608101,23,7
"CADM",4.71437309217209,4,7
"PTPRM",4.339273267346,5,7
"NRG",0.197353198084484,21,7
"COLLAGEN",0.676754127282076,14,7
"JAM",0.639203614133065,15,7
"CDH",3.08362667920755,7,7
"Testosterone",2.55138955059083,8,7
"NCAM",2.1026908221844,11,7
"Cholesterol",1.02581709920894,12,7
"APP",4.8500014051408,3,7
"MPZ",0.137831434752339,24,7
"NRXN",0.767811739438428,13,7
"PROS",2.46870965141629,9,7
"IGF",0.312890689960982,20,7
"Androstenedione",7.0297514118349,1,7
"NECTIN",0.539639747788044,16,7
"PDGF",0.477235604874444,17,7
"EPHB",0.159260570089678,22,7
"EPHA",5.95323866100502,2,7
"NGL",2.11579904714013,10,7
"Netrin",0.461740957042256,18,7
"SEMA6",3.57542931541382,6,7
"LAMININ",0.404745105911731,19,8
"ADGRL",0.166258946293143,24,8
"CADM",3.32973982763412,5,8
"PTPRM",4.15566782751135,3,8
"NRG",0.240131991326629,23,8
"COLLAGEN",0.671820639332875,15,8
"JAM",0.688693985734261,14,8
"CDH",2.58050354269851,7,8
"Testosterone",2.81594390949802,6,8
"NCAM",2.06406387719194,10,8
"Cholesterol",1.09857089312369,12,8
"APP",5.00496583361745,2,8
"MPZ",0.390701697317315,21,8
"NRXN",0.999961966078665,13,8
"PROS",1.93057163437434,11,8
"IGF",0.440171991293128,17,8
"Androstenedione",3.91289715047816,4,8
"NECTIN",0.403844140165225,20,8
"PDGF",0.442334938455411,16,8
"EPHB",0.309605753858895,22,8
"EPHA",2.39436650303011,8,8
"NGL",2.10643280948698,9,8
"Netrin",0.438167291682873,18,8
"SEMA6",5.36955746843653,1,8
"LAMININ",0.381337689764412,22,9
"ADGRL",0.187419907423878,24,9
"CADM",3.52700455764205,4,9
"PTPRM",3.72191760562342,3,9
"NRG",0.272507922729449,23,9
"COLLAGEN",0.682931498312023,15,9
"JAM",0.446751902496293,20,9
"CDH",3.36982748740595,5,9
"Testosterone",2.50846920511175,8,9
"NCAM",2.11262437110716,9,9
"Cholesterol",1.5014102829982,12,9
"APP",3.81431404025845,2,9
"MPZ",0.76249789781155,14,9
"NRXN",0.830141047386142,13,9
"PROS",5.52919642643395,1,9
"IGF",0.519228827246806,18,9
"Androstenedione",3.22896386228821,6,9
"NECTIN",0.405790192348966,21,9
"PDGF",0.604033474360177,16,9
"EPHB",0.530914057219994,17,9
"EPHA",2.01424414661541,10,9
"NGL",1.90795088309341,11,9
"Netrin",0.472647589608441,19,9
"SEMA6",3.09992759108866,7,9
"LAMININ",0.61704897662314,17,10
"ADGRL",0.23505694713102,24,10
"CADM",3.69271800523156,5,10
"PTPRM",3.36146226496763,6,10
"NRG",0.350369495097241,21,10
"COLLAGEN",0.644019337781231,15,10
"JAM",0.546596570898229,18,10
"CDH",2.60183400055756,9,10
"Testosterone",2.67867711459898,8,10
"NCAM",2.29275386202554,10,10
"Cholesterol",1.07390347773809,12,10
"APP",4.55356296812123,3,10
"MPZ",0.277374408843298,23,10
"NRXN",0.873248497918062,13,10
"PROS",6.4603087715607,1,10
"IGF",0.506753379262935,19,10
"Androstenedione",3.27164277543801,7,10
"NECTIN",0.627654647775012,16,10
"PDGF",0.410766096997359,20,10
"EPHB",0.333380320612293,22,10
"EPHA",5.14141889202515,2,10
"NGL",1.81183042378971,11,10
"Netrin",0.83611439263856,14,10
"SEMA6",4.25184990737692,4,10
"LAMININ",0.568514416313298,17,11
"ADGRL",0.155829620007084,24,11
"CADM",3.49946516592649,4,11
"PTPRM",3.3337063465244,6,11
"NRG",0.436705890682948,19,11
"COLLAGEN",0.579665153118412,16,11
"JAM",0.673890016368688,15,11
"CDH",2.66082712274682,8,11
"Testosterone",2.33854576489228,9,11
"NCAM",2.24706949515708,10,11
"Cholesterol",1.17500501475452,12,11
"APP",3.35685084578496,5,11
"MPZ",0.465421195133768,18,11
"NRXN",0.92972426991608,13,11
"PROS",3.02480979352395,7,11
"IGF",0.360996265213644,21,11
"Androstenedione",4.74305406529404,2,11
"NECTIN",0.235444534309785,22,11
"PDGF",0.180000029933887,23,11
"EPHB",0.365437063933225,20,11
"EPHA",5.87365247169038,1,11
"NGL",1.55422107777493,11,11
"Netrin",0.698227685025829,14,11
"SEMA6",3.55658710748633,3,11
"LAMININ",0.573874962696773,17,12
"ADGRL",0.345907540046255,21,12
"CADM",4.50584828276108,4,12
"PTPRM",4.02510442572991,5,12
"NRG",0.256867352807342,24,12
"COLLAGEN",0.624998119198507,16,12
"JAM",0.665292993048811,14,12
"CDH",1.99980043902354,10,12
"Testosterone",2.77026552477304,7,12
"NCAM",2.24013242665407,9,12
"Cholesterol",1.43464438186692,12,12
"APP",6.5565048826271,2,12
"MPZ",0.404251937536175,18,12
"NRXN",0.945530928821474,13,12
"PROS",2.41165224441625,8,12
"IGF",0.365996136617129,19,12
"Androstenedione",3.59627783641339,6,12
"NECTIN",0.319040375819611,22,12
"PDGF",0.29164628757728,23,12
"EPHB",0.346539223824929,20,12
"EPHA",6.6387571479833,1,12
"NGL",1.87618549056647,11,12
"Netrin",0.643204653787171,15,12
"SEMA6",5.14107671770168,3,12
"LAMININ",0.381530529161947,21,13
"ADGRL",0.470103520920053,19,13
"CADM",4.67338780426128,2,13
"PTPRM",3.863376078336,4,13
"NRG",0.305044038405547,23,13
"COLLAGEN",0.482734554653348,18,13
"JAM",0.665699932746582,14,13
"CDH",3.04138915719328,6,13
"Testosterone",2.46674373157322,7,13
"NCAM",2.0514086702731,8,13
"Cholesterol",0.888552856458886,13,13
"APP",3.71594797635277,5,13
"MPZ",0.389528367732497,20,13
"NRXN",0.979098069181848,12,13
"PROS",1.73864888001432,10,13
"IGF",0.335105505660156,22,13
"Androstenedione",9.97298407980494,1,13
"NECTIN",0.610289728734178,16,13
"PDGF",0.530521262738907,17,13
"EPHB",0.24144620761704,24,13
"EPHA",1.59687222644687,11,13
"NGL",1.95046970578068,9,13
"Netrin",0.65296893107102,15,13
"SEMA6",4.44973714089233,3,13
"LAMININ",0.464569396730754,17,14
"ADGRL",0.18999980383948,23,14
"CADM",4.48271066198513,3,14
"PTPRM",3.95767208188364,5,14
"NRG",0.265059097398359,22,14
"COLLAGEN",0.648761877185416,15,14
"JAM",0.343727583181688,19,14
"CDH",2.23224997828282,9,14
"Testosterone",2.42026203625744,7,14
"NCAM",2.10266759594447,10,14
"Cholesterol",1.22292927537568,12,14
"APP",3.59643697171703,6,14
"MPZ",0.141243778416826,24,14
"NRXN",0.670401987085654,14,14
"PROS",18.7661398234706,1,14
"IGF",0.3199887234895,21,14
"Androstenedione",3.97883977589327,4,14
"NECTIN",0.568256743847999,16,14
"PDGF",0.324086413796807,20,14
"EPHB",0.46304653681997,18,14
"EPHA",2.29213450752668,8,14
"NGL",1.80751539536983,11,14
"Netrin",0.671096198501449,13,14
"SEMA6",4.76891648677321,2,14
"LAMININ",0.351967072103685,20,15
"ADGRL",0.54383377346167,14,15
"CADM",2.70489659308687,7,15
"PTPRM",3.18791782352736,5,15
"NRG",0.325438504993569,23,15
"COLLAGEN",0.515235826780639,15,15
"JAM",0.420169516063159,19,15
"CDH",2.7277055201579,6,15
"Testosterone",2.47381133357781,8,15
"NCAM",1.99195831003555,9,15
"Cholesterol",1.03520096403386,12,15
"APP",4.60138122147927,2,15
"MPZ",0.345746046727544,21,15
"NRXN",0.715128526804219,13,15
"PROS",11.9499657973918,1,15
"IGF",0.468878730843327,16,15
"Androstenedione",3.20316610036627,4,15
"NECTIN",0.260725013635029,24,15
"PDGF",0.459902933601949,18,15
"EPHB",0.46296345111814,17,15
"EPHA",1.88754560058109,10,15
"NGL",1.58979534086669,11,15
"Netrin",0.340264068366146,22,15
"SEMA6",3.9613572353314,3,15
"LAMININ",0.46500180636856,18,16
"ADGRL",0.293107041855481,23,16
"CADM",4.74182003076238,3,16
"PTPRM",4.58419098897254,5,16
"NRG",0.389050947781168,21,16
"COLLAGEN",0.678176584746394,15,16
"JAM",0.51883467066661,16,16
"CDH",3.2780173835055,6,16
"Testosterone",2.82730238765812,8,16
"NCAM",1.86926354426572,11,16
"Cholesterol",1.04315532151814,12,16
"APP",5.33704189907586,2,16
"MPZ",0.500031757949904,17,16
"NRXN",0.928664114964649,13,16
"PROS",2.68207816129863,10,16
"IGF",0.327867930524133,22,16
"Androstenedione",6.04433936488382,1,16
"NECTIN",0.826604571179891,14,16
"PDGF",0.415186693637392,20,16
"EPHB",0.206519554874383,24,16
"EPHA",3.22606642255563,7,16
"NGL",2.77714780415905,9,16
"Netrin",0.462210485786793,19,16
"SEMA6",4.71078006892734,4,16
"LAMININ",0.530416995919309,15,17
"ADGRL",0.266962720773941,23,17
"CADM",3.46456305724931,5,17
"PTPRM",4.85249541748727,2,17
"NRG",0.27861290971539,22,17
"COLLAGEN",0.579759704821986,14,17
"JAM",0.41676605045384,18,17
"CDH",2.35095132217721,7,17
"Testosterone",2.3060113025274,8,17
"NCAM",2.04071054688371,9,17
"Cholesterol",1.06340464498837,12,17
"APP",4.46175411530021,3,17
"MPZ",0.224704185403519,24,17
"NRXN",0.637743373639521,13,17
"PROS",1.2014163340034,11,17
"IGF",0.300770755230022,21,17
"Androstenedione",6.96856189011977,1,17
"NECTIN",0.503039565432894,17,17
"PDGF",0.370943190856545,19,17
"EPHB",0.505508529050338,16,17
"EPHA",2.6801802666216,6,17
"NGL",1.76592374814855,10,17
"Netrin",0.350706673369471,20,17
"SEMA6",4.07739083394821,4,17
"LAMININ",0.385359136645771,21,18
"ADGRL",0.205555388039261,24,18
"CADM",4.72307428512051,1,18
"PTPRM",4.25486745768303,2,18
"NRG",0.365451200154579,22,18
"COLLAGEN",0.726110980889955,14,18
"JAM",0.470314383430318,20,18
"CDH",3.13112424063569,6,18
"Testosterone",2.44910389020483,7,18
"NCAM",1.830284880435,10,18
"Cholesterol",1.27629963392206,12,18
"APP",4.10925902314004,4,18
"MPZ",0.58698940177784,15,18
"NRXN",1.14686352095782,13,18
"PROS",1.75769478053461,11,18
"IGF",0.488261972251334,19,18
"Androstenedione",3.67095897635703,5,18
"NECTIN",0.534380300052206,18,18
"PDGF",0.56612063057511,16,18
"EPHB",0.350698187345641,23,18
"EPHA",2.19523549002828,8,18
"NGL",2.15283054628202,9,18
"Netrin",0.544102298483715,17,18
"SEMA6",4.24328074716634,3,18
"LAMININ",0.350654247255429,20,19
"ADGRL",0.21776905089677,23,19
"CADM",3.37113943421381,4,19
"PTPRM",4.68070125252627,2,19
"NRG",0.138823556522653,24,19
"COLLAGEN",0.668591786617084,15,19
"JAM",0.507301686863872,17,19
"CDH",2.8682088651943,5,19
"Testosterone",2.44124807880553,9,19
"NCAM",2.13594176470932,10,19
"Cholesterol",1.29865290544046,12,19
"APP",3.48142159057218,3,19
"MPZ",0.339713361509776,22,19
"NRXN",0.900217073946308,13,19
"PROS",11.2473429548608,1,19
"IGF",0.416174983936588,19,19
"Androstenedione",2.75789710224905,8,19
"NECTIN",0.685112944854081,14,19
"PDGF",0.508571673190038,16,19
"EPHB",0.427762177300638,18,19
"EPHA",2.79096115161729,7,19
"NGL",2.1016696532952,11,19
"Netrin",0.34721981531498,21,19
"SEMA6",2.86311014045404,6,19
"LAMININ",0.32271098612884,21,20
"ADGRL",0.229109658946479,24,20
"CADM",4.70876504363136,1,20
"PTPRM",4.58051223816125,2,20
"NRG",0.334566168060996,20,20
"COLLAGEN",0.505558999451146,17,20
"JAM",0.517517540542005,16,20
"CDH",2.67669794563601,7,20
"Testosterone",2.47633625008154,9,20
"NCAM",2.02372790791232,11,20
"Cholesterol",1.1248505330532,12,20
"APP",3.22586698772691,5,20
"MPZ",0.469323170905958,18,20
"NRXN",0.829099281228385,13,20
"PROS",3.58519411881158,4,20
"IGF",0.279716173341372,22,20
"Androstenedione",3.77179599336505,3,20
"NECTIN",0.560664187923947,15,20
"PDGF",0.423397374891875,19,20
"EPHB",0.238885859609044,23,20
"EPHA",2.62076270017302,8,20
"NGL",2.44553638591957,10,20
"Netrin",0.593695753388298,14,20
"SEMA6",3.05892548245567,6,20
"LAMININ",0.439376082272381,18,21
"ADGRL",0.224331682414173,23,21
"CADM",3.92290660723358,3,21
"PTPRM",3.20885089250036,8,21
"NRG",0.248254395413354,22,21
"COLLAGEN",0.59267806535748,15,21
"JAM",0.655769687432933,14,21
"CDH",3.46395525492247,5,21
"Testosterone",3.34142985141323,6,21
"NCAM",2.57224687350753,9,21
"Cholesterol",0.818732548038479,13,21
"APP",3.95405874333072,2,21
"MPZ",0.216461151524227,24,21
"NRXN",0.893212915206434,12,21
"PROS",2.13387738570748,11,21
"IGF",0.423906094397917,19,21
"Androstenedione",4.19294529314833,1,21
"NECTIN",0.49115949982438,16,21
"PDGF",0.326359178646746,21,21
"EPHB",0.394429503579495,20,21
"EPHA",3.22358066730012,7,21
"NGL",2.16679714775358,10,21
"Netrin",0.445759500510456,17,21
"SEMA6",3.46562401821235,4,21
"LAMININ",0.346148223763251,21,22
"ADGRL",0.425989454393397,18,22
"CADM",4.42405051804845,5,22
"PTPRM",4.65806858569157,3,22
"NRG",0.309724185890975,23,22
"COLLAGEN",0.623145925259582,14,22
"JAM",0.502900519082444,16,22
"CDH",3.70209347065432,6,22
"Testosterone",2.33770294241863,9,22
"NCAM",2.04748548678741,10,22
"Cholesterol",0.770916456201962,13,22
"APP",3.53044645809899,7,22
"MPZ",0.409533599287402,20,22
"NRXN",0.962160968394869,12,22
"PROS",1.44542062580642,11,22
"IGF",0.319249971585364,22,22
"Androstenedione",18.4893430179178,1,22
"NECTIN",0.182323065999731,24,22
"PDGF",0.480714902517417,17,22
"EPHB",0.410897962556752,19,22
"EPHA",4.66669617121084,2,22
"NGL",2.56932843870164,8,22
"Netrin",0.524096813811706,15,22
"SEMA6",4.59595470696279,4,22
"LAMININ",0.301994556334727,22,23
"ADGRL",0.281995423588395,23,23
"CADM",3.54570105075902,5,23
"PTPRM",4.07119433645732,4,23
"NRG",0.357791623212879,21,23
"COLLAGEN",0.650273183553843,14,23
"JAM",0.523197724568966,15,23
"CDH",2.21731570318137,9,23
"Testosterone",2.2562316058195,8,23
"NCAM",2.0484543440815,10,23
"Cholesterol",1.35129050831449,12,23
"APP",4.28822139521945,3,23
"MPZ",0.372895135637101,20,23
"NRXN",0.953489089957746,13,23
"PROS",2.3756249442887,6,23
"IGF",0.432474009071377,18,23
"Androstenedione",6.33900214718128,1,23
"NECTIN",0.446767574037631,17,23
"PDGF",0.492317104517595,16,23
"EPHB",0.275621402952886,24,23
"EPHA",2.32497880357941,7,23
"NGL",1.5228459843896,11,23
"Netrin",0.387821113636769,19,23
"SEMA6",4.93933475359805,2,23
"LAMININ",0.511746963781408,17,24
"ADGRL",0.107127592232267,24,24
"CADM",4.53311886878752,2,24
"PTPRM",4.30364312555164,3,24
"NRG",0.341994643222148,21,24
"COLLAGEN",0.714090247247128,15,24
"JAM",0.788751118830951,14,24
"CDH",2.75454836032287,7,24
"Testosterone",2.73780811766513,8,24
"NCAM",1.71140961596561,11,24
"Cholesterol",1.17754124856169,12,24
"APP",3.94232390716324,5,24
"MPZ",0.479913092213576,19,24
"NRXN",0.827555401281631,13,24
"PROS",5.38446755059895,1,24
"IGF",0.514939752093599,16,24
"Androstenedione",3.54312594363036,6,24
"NECTIN",0.292262221095274,22,24
"PDGF",0.506821747821636,18,24
"EPHB",0.27807657387759,23,24
"EPHA",1.9794191789192,9,24
"NGL",1.85362428685388,10,24
"Netrin",0.418845002542586,20,24
"SEMA6",3.98619404359363,4,24
"LAMININ",0.142005134432572,23,25
"ADGRL",0.300202310414405,21,25
"CADM",4.15793349188846,6,25
"PTPRM",4.0416230869149,7,25
"NRG",0.520962199313463,17,25
"COLLAGEN",0.697358786953194,14,25
"JAM",0.691017474404291,15,25
"CDH",2.7265641717489,8,25
"Testosterone",2.34547659820173,9,25
"NCAM",1.84617966732945,10,25
"Cholesterol",1.00931017881816,12,25
"APP",4.90941355288071,4,25
"MPZ",0.114555811336536,24,25
"NRXN",0.80852832009121,13,25
"PROS",11.4537055010477,1,25
"IGF",0.473070935600588,18,25
"Androstenedione",9.27274308199587,2,25
"NECTIN",0.408774790711531,19,25
"PDGF",0.671375404803806,16,25
"EPHB",0.285584596982984,22,25
"EPHA",6.10722608264973,3,25
"NGL",1.78169585536623,11,25
"Netrin",0.380574552409542,20,25
"SEMA6",4.21227965253563,5,25
"LAMININ",0.548206281080018,19,26
"ADGRL",0.194249062187904,24,26
"CADM",3.93051095528863,4,26
"PTPRM",4.19133832919429,2,26
"NRG",0.427993056571111,20,26
"COLLAGEN",0.662529050901824,15,26
"JAM",0.851989138958224,14,26
"CDH",2.75454062241647,7,26
"Testosterone",1.88509755586812,9,26
"NCAM",2.01342924266575,8,26
"Cholesterol",0.903445679507193,12,26
"APP",3.77849631573635,5,26
"MPZ",0.418676938218555,21,26
"NRXN",0.903077427255667,13,26
"PROS",1.73034381217445,11,26
"IGF",0.351306803934058,22,26
"Androstenedione",13.3247986804759,1,26
"NECTIN",0.285132880150507,23,26
"PDGF",0.648253169115648,16,26
"EPHB",0.60049041114376,18,26
"EPHA",4.15008172526728,3,26
"NGL",1.79158947173019,10,26
"Netrin",0.619213719765677,17,26
"SEMA6",3.16040825872192,6,26
"LAMININ",0.53949541756491,16,27
"ADGRL",0.305666639242981,23,27
"CADM",4.22014990241168,5,27
"PTPRM",4.21578558450916,6,27
"NRG",0.360843619743044,22,27
"COLLAGEN",0.598524378201819,15,27
"JAM",0.612178035469801,14,27
"CDH",3.19432308119808,7,27
"Testosterone",2.37034313738993,9,27
"NCAM",1.9762836644698,11,27
"Cholesterol",1.00073068141268,12,27
"APP",4.97468051354029,3,27
"MPZ",0.400165053889122,20,27
"NRXN",0.759046065114142,13,27
"PROS",14.355655979725,1,27
"IGF",0.184882679154496,24,27
"Androstenedione",4.28150708230047,4,27
"NECTIN",0.500771015682058,17,27
"PDGF",0.477161665659266,19,27
"EPHB",0.374011583372766,21,27
"EPHA",2.39959621147453,8,27
"NGL",2.25663777830562,10,27
"Netrin",0.498261689569296,18,27
"SEMA6",6.13839676076022,2,27
"LAMININ",0.509793935370376,18,28
"ADGRL",0.252249642837441,24,28
"CADM",4.28189442124704,6,28
"PTPRM",4.33909854515679,5,28
"NRG",0.271729404289293,23,28
"COLLAGEN",0.657449493019633,15,28
"JAM",0.606666841560393,17,28
"CDH",2.53964160323258,9,28
"Testosterone",2.68671688401083,8,28
"NCAM",1.87544131615959,10,28
"Cholesterol",1.19053549886225,12,28
"APP",5.06161020126069,2,28
"MPZ",0.607861621832162,16,28
"NRXN",0.717911588399806,14,28
"PROS",4.93410185238278,3,28
"IGF",0.379587897175225,21,28
"Androstenedione",3.78395872108945,7,28
"NECTIN",0.83413844686489,13,28
"PDGF",0.272260783555032,22,28
"EPHB",0.481646664359669,19,28
"EPHA",7.36096961535066,1,28
"NGL",1.73327629683297,11,28
"Netrin",0.478700785941894,20,28
"SEMA6",4.45945595488884,4,28
"LAMININ",0.360023714650056,21,29
"ADGRL",0.3505185194879,22,29
"CADM",4.44868060914911,3,29
"PTPRM",4.07464152745665,6,29
"NRG",0.119698241637278,24,29
"COLLAGEN",0.466198631682218,19,29
"JAM",0.681466189097974,14,29
"CDH",2.5568069713848,8,29
"Testosterone",2.5930148071142,7,29
"NCAM",2.25849437685298,10,29
"Cholesterol",0.613604918174647,15,29
"APP",4.44136006268054,4,29
"MPZ",0.532323603806675,17,29
"NRXN",0.836536442056982,12,29
"PROS",5.56106227732972,2,29
"IGF",0.36721853732992,20,29
"Androstenedione",11.1207425913767,1,29
"NECTIN",0.694806812203761,13,29
"PDGF",0.527393858157022,18,29
"EPHB",0.314747271398705,23,29
"EPHA",2.44247106882906,9,29
"NGL",1.75679936757457,11,29
"Netrin",0.554209659616545,16,29
"SEMA6",4.14272412140723,5,29
"LAMININ",0.581084486877977,16,30
"ADGRL",0.352374373970153,23,30
"CADM",4.022655701399,3,30
"PTPRM",4.03557770911924,2,30
"NRG",0.372054395607242,22,30
"COLLAGEN",0.49946814758798,17,30
"JAM",0.634179384555953,15,30
"CDH",2.95409364361068,7,30
"Testosterone",2.67220114297048,8,30
"NCAM",1.88953659171502,10,30
"Cholesterol",1.46583562635466,12,30
"APP",3.76644486009773,5,30
"MPZ",0.270933431851355,24,30
"NRXN",0.647056853712817,14,30
"PROS",14.0405946984142,1,30
"IGF",0.416845545016987,20,30
"Androstenedione",3.96173080107863,4,30
"NECTIN",0.434651846214554,19,30
"PDGF",0.653045493111374,13,30
"EPHB",0.382708503555546,21,30
"EPHA",1.71180384862147,11,30
"NGL",2.29724325544731,9,30
"Netrin",0.458236989331857,18,30
"SEMA6",3.10838959164648,6,30
"LAMININ",0.406498424632082,19,31
"ADGRL",0.166567916091733,24,31
"CADM",3.22368243319492,6,31
"PTPRM",3.71234176484213,4,31
"NRG",0.337810170449811,22,31
"COLLAGEN",0.486061817733916,17,31
"JAM",0.525120553203925,16,31
"CDH",2.46870772004074,9,31
"Testosterone",2.80181238982614,7,31
"NCAM",2.01724367013509,10,31
"Cholesterol",1.19818167288585,12,31
"APP",4.89859387789232,3,31
"MPZ",0.351261263784442,20,31
"NRXN",0.607295194098765,15,31
"PROS",13.7841400877639,1,31
"IGF",0.206863568555845,23,31
"Androstenedione",5.08102238096406,2,31
"NECTIN",0.703147966054012,14,31
"PDGF",0.455137287593041,18,31
"EPHB",0.341394487797773,21,31
"EPHA",2.66480732186322,8,31
"NGL",1.9295529207868,11,31
"Netrin",0.84052541104671,13,31
"SEMA6",3.38621723314998,5,31
"LAMININ",0.437075853963795,20,32
"ADGRL",0.308728976847179,23,32
"CADM",4.67126732505211,5,32
"PTPRM",3.48072882447401,7,32
"NRG",0.461292684207327,19,32
"COLLAGEN",0.708291602308291,15,32
"JAM",0.608635685573065,17,32
"CDH",3.38097940067017,8,32
"Testosterone",2.55001534816461,9,32
"NCAM",2.50971761895178,10,32
"Cholesterol",0.710332735536168,14,32
"APP",4.96910724043785,3,32
"MPZ",0.290512058491668,24,32
"NRXN",0.884698001987106,12,32
"PROS",8.5834667823843,1,32
"IGF",0.372394561919354,22,32
"Androstenedione",5.90255186538825,2,32
"NECTIN",0.738374784238184,13,32
"PDGF",0.435203839068789,21,32
"EPHB",0.563536864492225,18,32
"EPHA",3.50439062888979,6,32
"NGL",2.15732227643418,11,32
"Netrin",0.681071604429029,16,32
"SEMA6",4.81376598197893,4,32
"LAMININ",0.461591049420312,18,33
"ADGRL",0.347736688450558,20,33
"CADM",5.25923074591239,1,33
"PTPRM",4.11980101513316,4,33
"NRG",0.601717060583817,16,33
"COLLAGEN",0.569654421657065,17,33
"JAM",0.78265932526464,14,33
"CDH",3.20362777900134,6,33
"Testosterone",2.55037909235695,8,33
"NCAM",2.42285827146743,9,33
"Cholesterol",1.18260411836654,12,33
"APP",4.7477464202551,2,33
"MPZ",0.137214875337131,24,33
"NRXN",0.95462702602191,13,33
"PROS",2.87935221699196,7,33
"IGF",0.43509560578963,19,33
"Androstenedione",4.08518081169748,5,33
"NECTIN",0.344900381692765,21,33
"PDGF",0.290707292686416,23,33
"EPHB",0.339422710327171,22,33
"EPHA",1.9723477974399,10,33
"NGL",1.9341260035923,11,33
"Netrin",0.697770941359556,15,33
"SEMA6",4.67173967798585,3,33
"LAMININ",0.302163124861039,20,34
"ADGRL",0.0975072216779185,24,34
"CADM",5.63362609145312,2,34
"PTPRM",4.30645909240052,4,34
"NRG",0.160082301259732,23,34
"COLLAGEN",0.431084783983118,15,34
"JAM",0.429513884745198,16,34
"CDH",2.57809944095246,8,34
"Testosterone",2.55942579108381,9,34
"NCAM",2.37309256367392,10,34
"Cholesterol",0.964101193975114,12,34
"APP",3.43548866557546,6,34
"MPZ",0.337139777876581,19,34
"NRXN",0.836927319474769,13,34
"PROS",3.06617295171588,7,34
"IGF",0.296778369503097,21,34
"Androstenedione",6.83772373577554,1,34
"NECTIN",0.25619612969083,22,34
"PDGF",0.397687974920203,18,34
"EPHB",0.397691635481796,17,34
"EPHA",5.43121179052678,3,34
"NGL",1.69750838645173,11,34
"Netrin",0.676760791152491,14,34
"SEMA6",3.91833447971362,5,34
"LAMININ",0.50789051660847,18,35
"ADGRL",0.207388156759545,23,35
"CADM",4.27475070248241,4,35
"PTPRM",3.44535899753557,7,35
"NRG",0.337868403399603,22,35
"COLLAGEN",0.722185540495772,14,35
"JAM",0.589015161669824,17,35
"CDH",2.84832042731175,8,35
"Testosterone",2.731300980562,9,35
"NCAM",2.62214625854179,10,35
"Cholesterol",0.856153110758842,13,35
"APP",3.60586229349953,6,35
"MPZ",0.158597209522379,24,35
"NRXN",0.878286350375027,12,35
"PROS",10.3662850977186,1,35
"IGF",0.400869050886492,21,35
"Androstenedione",4.34328388193961,3,35
"NECTIN",0.615295616092114,16,35
"PDGF",0.490697470148782,19,35
"EPHB",0.408387420263937,20,35
"EPHA",3.60844495952804,5,35
"NGL",2.20061520007758,11,35
"Netrin",0.634272397417277,15,35
"SEMA6",5.57559276056003,2,35
"LAMININ",0.400598491296067,22,36
"ADGRL",0.221200808744676,24,36
"CADM",3.39226410750653,8,36
"PTPRM",3.70622924171849,6,36
"NRG",0.52578003714939,19,36
"COLLAGEN",0.688027931145745,15,36
"JAM",0.325811555947366,23,36
"CDH",4.08819084561159,5,36
"Testosterone",2.23710084151836,10,36
"NCAM",2.1490471024465,11,36
"Cholesterol",1.42934989141644,12,36
"APP",6.68674207141456,3,36
"MPZ",0.724307578779815,13,36
"NRXN",0.707406453314079,14,36
"PROS",13.063409561719,1,36
"IGF",0.536287818051782,17,36
"Androstenedione",3.52145630769414,7,36
"NECTIN",0.451326488792094,21,36
"PDGF",0.48277757789386,20,36
"EPHB",0.526226213841013,18,36
"EPHA",9.27427442358779,2,36
"NGL",2.61858195294921,9,36
"Netrin",0.578699351579579,16,36
"SEMA6",5.01728218919844,4,36
"LAMININ",0.378603101070571,20,37
"ADGRL",0.302345272904827,24,37
"CADM",3.95051841789703,3,37
"PTPRM",3.97182448649748,2,37
"NRG",0.357010469731523,22,37
"COLLAGEN",0.706196406842975,14,37
"JAM",0.616148236168613,15,37
"CDH",3.63074389012061,4,37
"Testosterone",2.53900725368964,7,37
"NCAM",2.08217013235632,10,37
"Cholesterol",0.972010986343741,12,37
"APP",3.51787414276352,5,37
"MPZ",0.433048942170465,19,37
"NRXN",0.84499421855771,13,37
"PROS",2.29006694077651,9,37
"IGF",0.362865296496369,21,37
"Androstenedione",7.36119306557587,1,37
"NECTIN",0.488381347139959,17,37
"PDGF",0.563751356001055,16,37
"EPHB",0.317385163368005,23,37
"EPHA",1.83458517497533,11,37
"NGL",2.44008067149855,8,37
"Netrin",0.479776660302138,18,37
"SEMA6",2.84359956110307,6,37
"LAMININ",0.368642665942192,20,38
"ADGRL",0.223750899804779,24,38
"CADM",4.20049263329124,3,38
"PTPRM",4.07505713256829,4,38
"NRG",0.309613227890711,21,38
"COLLAGEN",0.532437929080933,19,38
"JAM",0.579438173858753,18,38
"CDH",3.18113225196851,6,38
"Testosterone",2.3451480456605,10,38
"NCAM",2.37659523504978,8,38
"Cholesterol",1.04718358326163,12,38
"APP",4.0509643227464,5,38
"MPZ",0.256611567316466,22,38
"NRXN",0.816178989277455,13,38
"PROS",2.83875670443497,7,38
"IGF",0.254694840105225,23,38
"Androstenedione",6.76563509043573,1,38
"NECTIN",0.725537381279314,14,38
"PDGF",0.600947858845994,17,38
"EPHB",0.620656336474872,16,38
"EPHA",2.37598740703427,9,38
"NGL",1.88637878366752,11,38
"Netrin",0.638315490304359,15,38
"SEMA6",5.17077699627633,2,38
"LAMININ",0.343448801652817,20,39
"ADGRL",0.227222029612995,24,39
"CADM",3.84772049505669,3,39
"PTPRM",4.11249776969132,2,39
"NRG",0.382443050671427,19,39
"COLLAGEN",0.463616586726708,16,39
"JAM",0.587751758689248,14,39
"CDH",2.56026725706425,7,39
"Testosterone",2.52093781530429,8,39
"NCAM",2.41814739512731,9,39
"Cholesterol",1.23351653139418,12,39
"APP",3.77846608695654,4,39
"MPZ",0.320372355528113,21,39
"NRXN",0.663236823218446,13,39
"PROS",2.97787725387854,6,39
"IGF",0.23570842382005,23,39
"Androstenedione",3.71118805305274,5,39
"NECTIN",0.525886528521898,15,39
"PDGF",0.453591930696059,17,39
"EPHB",0.245073160711448,22,39
"EPHA",1.80173589340711,10,39
"NGL",1.67408510955018,11,39
"Netrin",0.429094392787407,18,39
"SEMA6",4.22026642840988,1,39
"LAMININ",0.382367475741768,21,40
"ADGRL",0.221431824534039,24,40
"CADM",3.72533827483532,5,40
"PTPRM",3.21433935216551,6,40
"NRG",0.387537062483494,20,40
"COLLAGEN",0.570298505512076,16,40
"JAM",0.562281182952994,17,40
"CDH",2.82611224964004,7,40
"Testosterone",2.47718520283169,9,40
"NCAM",2.32351537269953,10,40
"Cholesterol",1.02768727339581,12,40
"APP",4.01044471926324,4,40
"MPZ",0.254387623059386,23,40
"NRXN",0.965218302526287,13,40
"PROS",25.8433082253561,1,40
"IGF",0.417571366591089,19,40
"Androstenedione",6.17164884834407,2,40
"NECTIN",0.800788949531787,14,40
"PDGF",0.600506325398281,15,40
"EPHB",0.360492762903794,22,40
"EPHA",2.52196504020884,8,40
"NGL",1.70469198282307,11,40
"Netrin",0.500453551395385,18,40
"SEMA6",5.93341964996498,3,40
"LAMININ",0.441968873537476,20,41
"ADGRL",0.226486441257217,24,41
"CADM",3.8237101311024,4,41
"PTPRM",4.11928731365247,2,41
"NRG",0.461759143063921,17,41
"COLLAGEN",0.6260022245186,14,41
"JAM",0.614253487442289,15,41
"CDH",2.64167660215057,7,41
"Testosterone",2.1934514300673,10,41
"NCAM",2.20850373848218,9,41
"Cholesterol",1.42419720852211,12,41
"APP",4.61357609410588,1,41
"MPZ",0.459602888594034,19,41
"NRXN",0.846668262772348,13,41
"PROS",2.642558515759,6,41
"IGF",0.460560771990398,18,41
"Androstenedione",2.55504272413672,8,41
"NECTIN",0.307286779555099,22,41
"PDGF",0.229544226584636,23,41
"EPHB",0.529235633729445,16,41
"EPHA",3.73361305259,5,41
"NGL",1.9325698582449,11,41
"Netrin",0.316951684801173,21,41
"SEMA6",4.00115531032873,3,41
"LAMININ",0.461702292303081,20,42
"ADGRL",0.435922456791499,21,42
"CADM",4.15627131090502,5,42
"PTPRM",4.31328812625498,3,42
"NRG",0.299678424102853,23,42
"COLLAGEN",0.644377076108976,14,42
"JAM",0.463358730090003,19,42
"CDH",2.81133165697206,7,42
"Testosterone",2.05235503954096,8,42
"NCAM",2.05115559872293,9,42
"Cholesterol",1.27644666913242,12,42
"APP",2.90802926033017,6,42
"MPZ",0.589639072572542,18,42
"NRXN",0.991472189280325,13,42
"PROS",7.17345241855273,1,42
"IGF",0.220765725445176,24,42
"Androstenedione",4.50936119834506,2,42
"NECTIN",0.635335754216962,15,42
"PDGF",0.594072447824832,17,42
"EPHB",0.393909203687477,22,42
"EPHA",1.75644234972071,10,42
"NGL",1.64257941953445,11,42
"Netrin",0.614093061518021,16,42
"SEMA6",4.17738430113538,4,42
"LAMININ",0.369493242930277,23,43
"ADGRL",0.127823457725546,24,43
"CADM",3.99743994217093,4,43
"PTPRM",4.37301356235885,3,43
"NRG",0.389274598499707,22,43
"COLLAGEN",0.557706223092453,17,43
"JAM",0.632554718391772,15,43
"CDH",2.66929331308842,7,43
"Testosterone",2.70273560832276,6,43
"NCAM",2.29633916639658,8,43
"Cholesterol",1.24825240289687,12,43
"APP",3.34040761266919,5,43
"MPZ",0.552106773805565,18,43
"NRXN",0.787276544587758,13,43
"PROS",1.6472726343437,11,43
"IGF",0.513946610477123,20,43
"Androstenedione",5.55027396104744,1,43
"NECTIN",0.534910154814656,19,43
"PDGF",0.592500529257734,16,43
"EPHB",0.403830791999912,21,43
"EPHA",1.93736183740049,10,43
"NGL",1.94900930057601,9,43
"Netrin",0.642805936090567,14,43
"SEMA6",4.62908627195727,2,43
"LAMININ",0.175472444691867,24,44
"ADGRL",0.327263028905441,23,44
"CADM",4.27210990041302,4,44
"PTPRM",4.48757852006315,2,44
"NRG",0.40323631853188,20,44
"COLLAGEN",0.63243373843146,15,44
"JAM",0.444681546228512,19,44
"CDH",3.17432456664387,8,44
"Testosterone",2.66008976284041,9,44
"NCAM",2.40246912614922,10,44
"Cholesterol",1.23375405993922,12,44
"APP",3.7350043040225,5,44
"MPZ",0.402516587730678,21,44
"NRXN",0.874827154100202,13,44
"PROS",4.35823257509723,3,44
"IGF",0.329658247900099,22,44
"Androstenedione",7.93878925525785,1,44
"NECTIN",0.535985295962775,17,44
"PDGF",0.708938131744732,14,44
"EPHB",0.543349913326449,16,44
"EPHA",3.39313865541517,7,44
"NGL",1.92905774029523,11,44
"Netrin",0.475833162627096,18,44
"SEMA6",3.42577863655436,6,44
"LAMININ",0.519040612946241,18,45
"ADGRL",0.610464707104586,16,45
"CADM",2.85935310353802,7,45
"PTPRM",3.48530992302987,4,45
"NRG",0.257922914849608,24,45
"COLLAGEN",0.589411276504378,17,45
"JAM",0.637503749357441,15,45
"CDH",2.85420688441964,8,45
"Testosterone",2.6011725145771,9,45
"NCAM",2.15318101065216,10,45
"Cholesterol",1.14994799641567,12,45
"APP",3.84334328784379,3,45
"MPZ",0.440511340302622,20,45
"NRXN",0.750203325262024,14,45
"PROS",9.74316757004994,1,45
"IGF",0.363497015886588,23,45
"Androstenedione",5.52899591480382,2,45
"NECTIN",0.900372427957106,13,45
"PDGF",0.395692367235108,21,45
"EPHB",0.366266316834213,22,45
"EPHA",3.11580270768779,5,45
"NGL",1.9497129447091,11,45
"Netrin",0.484068360123344,19,45
"SEMA6",2.98208362356674,6,45
"LAMININ",0.402790419368026,20,46
"ADGRL",0.457145330514489,19,46
"CADM",4.8140872822861,3,46
"PTPRM",4.64019888647088,4,46
"NRG",0.168065325319776,23,46
"COLLAGEN",0.75973071443948,14,46
"JAM",0.751082909101288,16,46
"CDH",3.92864293714264,5,46
"Testosterone",2.54826360972041,8,46
"NCAM",2.10145864455024,11,46
"Cholesterol",1.12089803084379,12,46
"APP",3.30849908558998,7,46
"MPZ",0.35449175156925,21,46
"NRXN",0.954517117618439,13,46
"PROS",7.82297310205876,1,46
"IGF",0.289832656119896,22,46
"Androstenedione",5.85044182229261,2,46
"NECTIN",0.661496588228744,17,46
"PDGF",0.463747429957602,18,46
"EPHB",0.130986584647004,24,46
"EPHA",3.46403828028748,6,46
"NGL",2.32722198959201,10,46
"Netrin",0.752316519365915,15,46
"SEMA6",2.51884159120906,9,46
"LAMININ",0.466933192500281,18,47
"ADGRL",0.178951796679562,24,47
"CADM",3.5621470302677,5,47
"PTPRM",3.69718075069547,3,47
"NRG",0.489063721450459,17,47
"COLLAGEN",0.697125199279609,15,47
"JAM",0.605272868135241,16,47
"CDH",2.87525776808629,6,47
"Testosterone",2.60863178865663,8,47
"NCAM",2.09805555284944,9,47
"Cholesterol",1.13636948305673,12,47
"APP",3.66598752417527,4,47
"MPZ",0.328784756395688,21,47
"NRXN",0.710514863296276,14,47
"PROS",2.63601177654885,7,47
"IGF",0.31797793187472,22,47
"Androstenedione",4.94262335705899,2,47
"NECTIN",0.442149344325753,19,47
"PDGF",0.286468451767183,23,47
"EPHB",0.393351799934296,20,47
"EPHA",1.84878486550009,11,47
"NGL",1.86158302663042,10,47
"Netrin",0.808710022795129,13,47
"SEMA6",5.2439536019333,1,47
"LAMININ",0.380457391427045,20,48
"ADGRL",0.161985117812936,24,48
"CADM",4.28355574142149,3,48
"PTPRM",4.51309294895779,2,48
"NRG",0.240863239851859,22,48
"COLLAGEN",0.528009567916724,18,48
"JAM",0.558266192476024,17,48
"CDH",2.87430718461194,6,48
"Testosterone",2.5771126210763,7,48
"NCAM",2.11771210562635,10,48
"Cholesterol",0.919321101829184,12,48
"APP",3.70121411866606,4,48
"MPZ",0.62815419428234,15,48
"NRXN",0.841331465443808,13,48
"PROS",2.57617253957592,8,48
"IGF",0.178519608150826,23,48
"Androstenedione",5.84466685143541,1,48
"NECTIN",0.361820365066708,21,48
"PDGF",0.647761077421362,14,48
"EPHB",0.461950562575492,19,48
"EPHA",2.29721730626954,9,48
"NGL",1.75427347865301,11,48
"Netrin",0.590120936644836,16,48
"SEMA6",3.36659629826145,5,48
"LAMININ",0.498641723073152,16,49
"ADGRL",0.331814135278903,21,49
"CADM",3.19970425766647,4,49
"PTPRM",3.87125018935059,3,49
"NRG",0.265448785193527,23,49
"COLLAGEN",0.646334269106798,14,49
"JAM",0.500514787260517,15,49
"CDH",2.64574005225384,7,49
"Testosterone",2.55727784191054,8,49
"NCAM",1.94756720871794,9,49
"Cholesterol",1.04553285557801,12,49
"APP",3.9519991853422,2,49
"MPZ",0.134192209216214,24,49
"NRXN",0.796738224751136,13,49
"PROS",8.03529194479048,1,49
"IGF",0.368760668474404,18,49
"Androstenedione",2.86722398339482,6,49
"NECTIN",0.343907253954666,20,49
"PDGF",0.354438476682465,19,49
"EPHB",0.272962939217134,22,49
"EPHA",1.92874310988239,10,49
"NGL",1.73372595621471,11,49
"Netrin",0.416162289096008,17,49
"SEMA6",2.98476660785653,5,49
"LAMININ",0.450199752657469,19,50
"ADGRL",0.204681891953495,23,50
"CADM",3.06941149332092,7,50
"PTPRM",3.6277657963028,6,50
"NRG",0.16548687448058,24,50
"COLLAGEN",0.745608373683389,13,50
"JAM",0.501868702161699,17,50
"CDH",2.62766441894269,9,50
"Testosterone",2.64703595705383,8,50
"NCAM",2.29837180776824,10,50
"Cholesterol",1.1304035109799,12,50
"APP",7.52723808899843,2,50
"MPZ",0.42647692862226,21,50
"NRXN",0.713635189924985,14,50
"PROS",12.7840011432051,1,50
"IGF",0.471514261277016,18,50
"Androstenedione",6.18552352206348,4,50
"NECTIN",0.651173557152631,16,50
"PDGF",0.427615541030837,20,50
"EPHB",0.330128540576522,22,50
"EPHA",3.979089393807,5,50
"NGL",1.60221705258196,11,50
"Netrin",0.687472698383126,15,50
"SEMA6",6.50810782381599,3,50
"LAMININ",0.309533872825631,22,51
"ADGRL",0.331046402359287,21,51
"CADM",2.87638153129557,5,51
"PTPRM",3.53617427231453,3,51
"NRG",0.446878551386641,19,51
"COLLAGEN",0.471273156701422,18,51
"JAM",0.624100867063155,14,51
"CDH",2.56641494659725,8,51
"Testosterone",2.40350036934407,9,51
"NCAM",1.92701671135019,10,51
"Cholesterol",1.03220755873507,12,51
"APP",4.07923653129527,2,51
"MPZ",0.44364695279919,20,51
"NRXN",0.819203959351531,13,51
"PROS",2.61011053893536,7,51
"IGF",0.0354925138815573,24,51
"Androstenedione",23.7131820702393,1,51
"NECTIN",0.614487582825507,15,51
"PDGF",0.284556197251649,23,51
"EPHB",0.552483163508025,16,51
"EPHA",3.35790469171023,4,51
"NGL",1.52764350945913,11,51
"Netrin",0.533959113536326,17,51
"SEMA6",2.81262742004775,6,51
"LAMININ",0.527764073686304,17,52
"ADGRL",0.221507555052669,23,52
"CADM",4.64815310308425,3,52
"PTPRM",4.20777359933032,5,52
"NRG",0.42367409128211,19,52
"COLLAGEN",0.677129579079921,15,52
"JAM",0.708660984245807,14,52
"CDH",2.24099154166065,9,52
"Testosterone",2.33528883396444,8,52
"NCAM",2.19992732580497,10,52
"Cholesterol",1.31514036629272,12,52
"APP",4.36212055843852,4,52
"MPZ",0.215036762873998,24,52
"NRXN",1.07793260782578,13,52
"PROS",6.03790656455817,1,52
"IGF",0.396771813810971,21,52
"Androstenedione",3.16273665502921,6,52
"NECTIN",0.616671271157225,16,52
"PDGF",0.427954753219753,18,52
"EPHB",0.410140619591753,20,52
"EPHA",4.70448078366909,2,52
"NGL",1.99127210655368,11,52
"Netrin",0.37585576739915,22,52
"SEMA6",2.77125115845212,7,52
"LAMININ",0.420814314152807,18,53
"ADGRL",0.319080140070904,21,53
"CADM",3.55271772583144,5,53
"PTPRM",3.81231183382763,4,53
"NRG",0.292882653205126,22,53
"COLLAGEN",0.575813959618888,17,53
"JAM",0.593881875474827,14,53
"CDH",2.35655545346132,7,53
"Testosterone",2.20127926190975,8,53
"NCAM",1.81872071778669,9,53
"Cholesterol",1.11789982433694,12,53
"APP",3.46850133910413,6,53
"MPZ",0.413867130208231,19,53
"NRXN",0.940715373610974,13,53
"PROS",19.2893867335269,1,53
"IGF",0.330832127853853,20,53
"Androstenedione",5.05305404891555,2,53
"NECTIN",0.266610570256374,23,53
"PDGF",0.593227872128659,15,53
"EPHB",0.23807413876398,24,53
"EPHA",1.6291995573695,10,53
"NGL",1.59800873186994,11,53
"Netrin",0.58839034469964,16,53
"SEMA6",4.06439881331558,3,53
"LAMININ",0.442450015354761,19,54
"ADGRL",0.0940433161375626,24,54
"CADM",4.65563902059638,1,54
"PTPRM",4.2166963350343,3,54
"NRG",0.691653425214606,15,54
"COLLAGEN",0.505247640642996,16,54
"JAM",0.495145636374023,18,54
"CDH",3.18508652682142,5,54
"Testosterone",2.56575070367516,10,54
"NCAM",2.3974256709273,11,54
"Cholesterol",1.40381184270045,12,54
"APP",3.81037244748162,4,54
"MPZ",0.354488204458876,23,54
"NRXN",0.713278472379102,14,54
"PROS",4.33486762108021,2,54
"IGF",0.379258557517088,21,54
"Androstenedione",2.71814612046032,8,54
"NECTIN",0.379678223116836,20,54
"PDGF",0.359457533960353,22,54
"EPHB",0.496268488120938,17,54
"EPHA",2.57869230600166,9,54
"NGL",3.16195318233331,6,54
"Netrin",0.81765184998675,13,54
"SEMA6",2.98504112420192,7,54
"LAMININ",0.364789838873896,18,55
"ADGRL",0.296360052238874,23,55
"CADM",3.37124986415108,7,55
"PTPRM",4.24241935739458,5,55
"NRG",0.3356103253423,20,55
"COLLAGEN",0.463493116774242,17,55
"JAM",0.496921272450711,15,55
"CDH",2.91687188674263,8,55
"Testosterone",2.31554120425613,10,55
"NCAM",2.11892065615437,11,55
"Cholesterol",1.00873728241712,12,55
"APP",5.36800322641629,3,55
"MPZ",0.306330006109794,22,55
"NRXN",0.912416288873604,13,55
"PROS",4.94892202301384,4,55
"IGF",0.309670940491931,21,55
"Androstenedione",8.75681703692238,1,55
"NECTIN",0.251641083921184,24,55
"PDGF",0.46809011679869,16,55
"EPHB",0.358027290452484,19,55
"EPHA",6.34090916783995,2,55
"NGL",2.46625988034883,9,55
"Netrin",0.668859696615122,14,55
"SEMA6",3.93844836962854,6,55
"LAMININ",0.503532584988457,17,56
"ADGRL",0.325046317142613,23,56
"CADM",4.82208576723097,2,56
"PTPRM",4.59742424674783,4,56
"NRG",0.328902559423153,22,56
"COLLAGEN",0.610532369525901,15,56
"JAM",0.332140777430721,21,56
"CDH",2.86315021575167,7,56
"Testosterone",2.46994293944768,9,56
"NCAM",2.29219457928671,10,56
"Cholesterol",1.43108739197629,12,56
"APP",4.33399262881929,5,56
"MPZ",0.34951893392457,20,56
"NRXN",0.612963311023064,14,56
"PROS",20.4826120816831,1,56
"IGF",0.432779912434152,18,56
"Androstenedione",3.88597376122746,6,56
"NECTIN",0.221346682626481,24,56
"PDGF",0.374754696136131,19,56
"EPHB",0.620927159442705,13,56
"EPHA",2.8275780538305,8,56
"NGL",1.98909534220369,11,56
"Netrin",0.547673180253072,16,56
"SEMA6",4.60376154654105,3,56
"LAMININ",0.451456263433884,18,57
"ADGRL",0.21335058436032,23,57
"CADM",3.36854790367565,6,57
"PTPRM",2.6158831965845,7,57
"NRG",0.322798558007582,21,57
"COLLAGEN",0.606284530655314,17,57
"JAM",0.643762496956523,14,57
"CDH",4.34331890089303,3,57
"Testosterone",2.2751854687107,10,57
"NCAM",2.35450159222054,8,57
"Cholesterol",1.14902889770005,12,57
"APP",4.21045394595737,4,57
"MPZ",0.636051692787076,15,57
"NRXN",0.78010353217026,13,57
"PROS",1.75948960530073,11,57
"IGF",0.373501657679045,20,57
"Androstenedione",6.07790241890387,2,57
"NECTIN",0.312479604486571,22,57
"PDGF",0.433335546962269,19,57
"EPHB",0.200412650366763,24,57
"EPHA",6.41622704830711,1,57
"NGL",2.35173309310968,9,57
"Netrin",0.629730254908175,16,57
"SEMA6",3.44829935167723,5,57
"LAMININ",0.511967411192371,19,58
"ADGRL",0.193657044288515,23,58
"CADM",4.06635503926677,5,58
"PTPRM",4.30242031541385,4,58
"NRG",0.555828111937579,17,58
"COLLAGEN",0.786297173105621,13,58
"JAM",0.61746894376243,15,58
"CDH",2.95720032690046,7,58
"Testosterone",2.30520633985511,8,58
"NCAM",2.21886349390195,9,58
"Cholesterol",1.13205298089036,12,58
"APP",4.05456158160775,6,58
"MPZ",0.540518173947549,18,58
"NRXN",0.588269954758554,16,58
"PROS",6.03960555624736,1,58
"IGF",0.142799577432651,24,58
"Androstenedione",5.00119485538574,2,58
"NECTIN",0.66058141157409,14,58
"PDGF",0.377373652491568,20,58
"EPHB",0.264763132333901,21,58
"EPHA",2.09506245345864,10,58
"NGL",1.72997222951473,11,58
"Netrin",0.218937542829802,22,58
"SEMA6",4.30759865868757,3,58
"LAMININ",0.495133244827223,19,59
"ADGRL",0.293075475991675,23,59
"CADM",3.99637138409101,6,59
"PTPRM",4.00266260298568,5,59
"NRG",0.46472748083539,21,59
"COLLAGEN",0.719326297778914,15,59
"JAM",0.76124178150592,14,59
"CDH",2.17829120676655,8,59
"Testosterone",2.50593518902723,7,59
"NCAM",1.86274900948215,9,59
"Cholesterol",1.09100331207876,12,59
"APP",4.0864772658928,4,59
"MPZ",0.343267315330733,22,59
"NRXN",0.87862975757231,13,59
"PROS",16.837491421962,1,59
"IGF",0.515540956340537,17,59
"Androstenedione",6.66849938188729,2,59
"NECTIN",0.466549338305201,20,59
"PDGF",0.502338586082984,18,59
"EPHB",0.252309553986684,24,59
"EPHA",1.73863264994821,11,59
"NGL",1.81473984170525,10,59
"Netrin",0.630157212233883,16,59
"SEMA6",4.61258471519133,3,59
"LAMININ",0.446212480760664,18,60
"ADGRL",0.254042999773845,24,60
"CADM",4.55484837670945,2,60
"PTPRM",4.51910798026504,3,60
"NRG",0.345412619329819,21,60
"COLLAGEN",0.549950515153598,16,60
"JAM",0.812710518996636,14,60
"CDH",3.17636928484154,6,60
"Testosterone",2.98834681849692,7,60
"NCAM",2.22094075674861,9,60
"Cholesterol",0.932141695809787,13,60
"APP",3.88409873344006,4,60
"MPZ",0.497619955295785,17,60
"NRXN",1.05948492085797,12,60
"PROS",2.27026619989951,8,60
"IGF",0.393254393908971,20,60
"Androstenedione",8.63093329071049,1,60
"NECTIN",0.412280392263916,19,60
"PDGF",0.279784631965691,23,60
"EPHB",0.333856392407186,22,60
"EPHA",2.2011264253902,10,60
"NGL",1.91103229486358,11,60
"Netrin",0.784735727312905,15,60
"SEMA6",3.42483488956281,5,60
"LAMININ",0.242755253167703,23,61
"ADGRL",0.318248177355591,22,61
"CADM",4.66516304095794,2,61
"PTPRM",4.29287182293612,3,61
"NRG",0.517735598238965,17,61
"COLLAGEN",0.409737367499383,20,61
"JAM",0.677162143466598,14,61
"CDH",3.38873553264463,5,61
"Testosterone",2.2733294669693,9,61
"NCAM",2.1478307316991,10,61
"Cholesterol",1.13994155150297,11,61
"APP",2.54962841444712,7,61
"MPZ",0.593768986413258,16,61
"NRXN",0.684137234951251,13,61
"PROS",3.81853975074656,4,61
"IGF",0.357936621659018,21,61
"Androstenedione",6.1350516126388,1,61
"NECTIN",0.186563056130481,24,61
"PDGF",0.432029873752981,18,61
"EPHB",0.430141556766823,19,61
"EPHA",1.01352918387079,12,61
"NGL",2.31351417475031,8,61
"Netrin",0.623302510105977,15,61
"SEMA6",2.73323998245221,6,61
"LAMININ",0.454737153766194,19,62
"ADGRL",0.350567423007433,22,62
"CADM",4.5793419434337,1,62
"PTPRM",4.02073476670731,4,62
"NRG",0.429433414501103,20,62
"COLLAGEN",0.524637822007091,18,62
"JAM",0.580576126544628,16,62
"CDH",2.77433963222863,8,62
"Testosterone",2.51981413857734,9,62
"NCAM",2.36238114818099,10,62
"Cholesterol",1.46299144577255,12,62
"APP",4.21138105446603,3,62
"MPZ",0.305497081953173,23,62
"NRXN",0.745742226644633,13,62
"PROS",3.29229460812391,7,62
"IGF",0.210926830391505,24,62
"Androstenedione",4.44009859912073,2,62
"NECTIN",0.56134255260873,17,62
"PDGF",0.383743603217792,21,62
"EPHB",0.648188123916771,14,62
"EPHA",3.44301831244843,6,62
"NGL",2.28200416931568,11,62
"Netrin",0.610985271170429,15,62
"SEMA6",3.89092898376864,5,62
"LAMININ",0.490837374710732,17,63
"ADGRL",0.268429438628686,22,63
"CADM",3.65645802933077,5,63
"PTPRM",3.39720327636955,6,63
"NRG",0.124908715136055,24,63
"COLLAGEN",0.622383565126245,15,63
"JAM",0.632182794840647,14,63
"CDH",2.29588649760692,7,63
"Testosterone",2.24945014444057,9,63
"NCAM",2.01020755768441,10,63
"Cholesterol",1.38339492944858,12,63
"APP",4.58427597495774,2,63
"MPZ",0.357901166557088,21,63
"NRXN",0.761135792630932,13,63
"PROS",15.0403275398291,1,63
"IGF",0.471469936847189,19,63
"Androstenedione",3.811932391146,4,63
"NECTIN",0.47444548141075,18,63
"PDGF",0.420286334629374,20,63
"EPHB",0.245734131356186,23,63
"EPHA",2.25292758656387,8,63
"NGL",1.8773182336282,11,63
"Netrin",0.565822210403474,16,63
"SEMA6",4.54832797716796,3,63
"LAMININ",0.437574251660824,20,64
"ADGRL",0.267148279579753,22,64
"CADM",4.42221812910904,4,64
"PTPRM",4.12689480805265,5,64
"NRG",0.246055869363018,23,64
"COLLAGEN",0.551170907142606,16,64
"JAM",0.383640645440287,21,64
"CDH",1.7413081219153,10,64
"Testosterone",2.66769999250508,6,64
"NCAM",1.9434382050941,8,64
"Cholesterol",1.11491323285444,11,64
"APP",5.35187672779491,2,64
"MPZ",0.474672778013396,17,64
"NRXN",0.851590508238847,13,64
"PROS",1.86580460588327,9,64
"IGF",0.187307369469596,24,64
"Androstenedione",12.9333020968778,1,64
"NECTIN",0.568922953590911,15,64
"PDGF",0.456635400423239,18,64
"EPHB",0.449406785511658,19,64
"EPHA",2.64720312297273,7,64
"NGL",0.931456928718231,12,64
"Netrin",0.614860660683177,14,64
"SEMA6",5.01657570118821,3,64
"LAMININ",0.457206743980915,18,65
"ADGRL",0.216389290346606,24,65
"CADM",4.32844408219497,1,65
"PTPRM",4.20381517407974,3,65
"NRG",0.315544703960682,22,65
"COLLAGEN",0.570722605246083,16,65
"JAM",0.753101485412696,14,65
"CDH",3.19025007299341,6,65
"Testosterone",2.33688257624557,7,65
"NCAM",2.07842154593593,10,65
"Cholesterol",1.2890866217919,12,65
"APP",3.37438440522272,4,65
"MPZ",0.483122220763727,17,65
"NRXN",0.82621985659944,13,65
"PROS",2.05864861340941,11,65
"IGF",0.266191916912237,23,65
"Androstenedione",4.26976159602068,2,65
"NECTIN",0.36064237843112,20,65
"PDGF",0.614227682319657,15,65
"EPHB",0.411751569315979,19,65
"EPHA",2.30851635695395,8,65
"NGL",2.197189823283,9,65
"Netrin",0.317219899402584,21,65
"SEMA6",3.3167114553553,5,65
"LAMININ",0.266593291302759,21,66
"ADGRL",0.234877237212517,23,66
"CADM",4.18537815370452,5,66
"PTPRM",4.14755287636086,6,66
"NRG",0.249917797109972,22,66
"COLLAGEN",0.538584909689312,17,66
"JAM",0.640850382399617,15,66
"CDH",3.16237639414323,8,66
"Testosterone",2.5417362095795,9,66
"NCAM",2.249087151922,10,66
"Cholesterol",1.16572419587301,12,66
"APP",6.26508449988675,2,66
"MPZ",0.153592360812181,24,66
"NRXN",0.87901537570447,14,66
"PROS",3.1824674195384,7,66
"IGF",0.310111456383792,20,66
"Androstenedione",4.26220196908035,4,66
"NECTIN",0.422165188124618,18,66
"PDGF",0.605413460812859,16,66
"EPHB",0.316630157531012,19,66
"EPHA",8.30009194527775,1,66
"NGL",1.93299050378652,11,66
"Netrin",1.0604670715926,13,66
"SEMA6",5.89686217072404,3,66
"LAMININ",0.614329220816854,17,67
"ADGRL",0.383563340542272,22,67
"CADM",3.35750603131184,5,67
"PTPRM",3.52380573208933,4,67
"NRG",0.134912762043618,24,67
"COLLAGEN",0.790163938551503,14,67
"JAM",0.504224724500137,18,67
"CDH",2.82071685812249,7,67
"Testosterone",2.52809792117452,8,67
"NCAM",1.8944243647709,10,67
"Cholesterol",1.41087702629461,12,67
"APP",2.89334022046621,6,67
"MPZ",0.436968685308689,21,67
"NRXN",0.722069837969297,15,67
"PROS",6.74594686423967,1,67
"IGF",0.329745398582351,23,67
"Androstenedione",4.98447535213193,2,67
"NECTIN",0.44843158212053,20,67
"PDGF",0.676910342027598,16,67
"EPHB",0.450421988484989,19,67
"EPHA",2.10355183086199,9,67
"NGL",1.72923575329777,11,67
"Netrin",0.805512248699448,13,67
"SEMA6",4.03927303886482,3,67
"LAMININ",0.413736630810126,19,68
"ADGRL",0.434103474583248,18,68
"CADM",4.04728930313682,6,68
"PTPRM",4.15798693952673,5,68
"NRG",0.291400551069634,24,68
"COLLAGEN",0.669055996749445,16,68
"JAM",0.504538485921669,17,68
"CDH",3.03121571683133,8,68
"Testosterone",2.43314740779973,9,68
"NCAM",2.05080658421306,11,68
"Cholesterol",1.53552708462818,12,68
"APP",5.58053278596553,3,68
"MPZ",0.328723899801292,21,68
"NRXN",1.30794136224746,13,68
"PROS",31.9262157468522,1,68
"IGF",0.308042139995062,23,68
"Androstenedione",3.10118414287105,7,68
"NECTIN",0.748936059487874,14,68
"PDGF",0.361664564287719,20,68
"EPHB",0.320939071079698,22,68
"EPHA",5.73840407992066,2,68
"NGL",2.11326170758307,10,68
"Netrin",0.670312100551234,15,68
"SEMA6",4.88365722719356,4,68
"LAMININ",0.486806341586293,18,69
"ADGRL",0.313939571539251,23,69
"CADM",4.539291831481,2,69
"PTPRM",5.20567271347169,1,69
"NRG",0.367874771508984,21,69
"COLLAGEN",0.52991939888861,15,69
"JAM",0.510755038015923,16,69
"CDH",2.54203000764258,6,69
"Testosterone",2.38945145913989,7,69
"NCAM",1.96982962420882,9,69
"Cholesterol",1.31997463512959,12,69
"APP",4.2408856703776,3,69
"MPZ",0.437793894001131,19,69
"NRXN",0.898025502666413,13,69
"PROS",1.90926965465452,10,69
"IGF",0.334816154506501,22,69
"Androstenedione",3.93570159150121,4,69
"NECTIN",0.638048859088026,14,69
"PDGF",0.313147119495362,24,69
"EPHB",0.38497298460525,20,69
"EPHA",2.1975383527469,8,69
"NGL",1.70907389360193,11,69
"Netrin",0.507591063753607,17,69
"SEMA6",3.89589875999904,5,69
"LAMININ",0.464572433939562,17,70
"ADGRL",0.353721430707991,20,70
"CADM",5.00055133951083,1,70
"PTPRM",4.33323210743733,3,70
"NRG",0.367343363184264,19,70
"COLLAGEN",0.648051285319997,15,70
"JAM",0.784916727239275,13,70
"CDH",2.28580552494175,9,70
"Testosterone",2.73917459353179,7,70
"NCAM",2.3928369927064,8,70
"Cholesterol",1.14746914066796,12,70
"APP",4.00868420241695,4,70
"MPZ",0.416204682115836,18,70
"NRXN",0.697374486463738,14,70
"PROS",4.35230869998784,2,70
"IGF",0.179969719406948,24,70
"Androstenedione",3.58314221287172,5,70
"NECTIN",0.61263564084457,16,70
"PDGF",0.328720511968587,21,70
"EPHB",0.266594629073442,23,70
"EPHA",1.97845404096001,10,70
"NGL",1.9214193787828,11,70
"Netrin",0.310919041832478,22,70
"SEMA6",3.36975927774536,6,70
"LAMININ",0.32412212701082,22,71
"ADGRL",0.196060486345544,24,71
"CADM",3.84882170931931,4,71
"PTPRM",3.15400000717959,6,71
"NRG",0.215542029498183,23,71
"COLLAGEN",0.547304443029454,18,71
"JAM",0.676885499293533,15,71
"CDH",3.90537681775034,3,71
"Testosterone",2.05643582258294,11,71
"NCAM",2.32497343371065,9,71
"Cholesterol",0.948884099945652,13,71
"APP",2.68957364995713,7,71
"MPZ",0.837752876443659,14,71
"NRXN",1.05942720831923,12,71
"PROS",5.63815816046323,1,71
"IGF",0.332281610567289,21,71
"Androstenedione",5.0595716422872,2,71
"NECTIN",0.630974338811961,17,71
"PDGF",0.407553212343939,20,71
"EPHB",0.537000845206713,19,71
"EPHA",2.16381311548937,10,71
"NGL",2.45840322007425,8,71
"Netrin",0.645778735594376,16,71
"SEMA6",3.27097761231058,5,71
"LAMININ",0.300383878511847,23,72
"ADGRL",0.345913992690005,21,72
"CADM",4.29925327245066,2,72
"PTPRM",3.92709986506882,3,72
"NRG",0.352253032333075,20,72
"COLLAGEN",0.485321541081717,18,72
"JAM",0.537616254337037,17,72
"CDH",3.39010335705562,4,72
"Testosterone",2.65147735425702,7,72
"NCAM",2.2863504308142,9,72
"Cholesterol",1.18478123799552,12,72
"APP",3.1517053729605,5,72
"MPZ",0.609158684802483,15,72
"NRXN",0.880473770486794,13,72
"PROS",2.17238582269357,10,72
"IGF",0.21351933412421,24,72
"Androstenedione",5.97951975594363,1,72
"NECTIN",0.541152460884877,16,72
"PDGF",0.653993071327472,14,72
"EPHB",0.363900003826913,19,72
"EPHA",1.24021409249356,11,72
"NGL",2.62148963001134,8,72
"Netrin",0.332990505278976,22,72
"SEMA6",3.00777951343676,6,72
"LAMININ",0.475859363810303,17,73
"ADGRL",0.316801928735822,23,73
"CADM",4.37036836333288,7,73
"PTPRM",4.44081422141274,6,73
"NRG",0.324207454400891,22,73
"COLLAGEN",0.640519332640479,13,73
"JAM",0.640264141402045,14,73
"CDH",2.19392051002927,9,73
"Testosterone",1.87054222748446,11,73
"NCAM",2.28636589778531,8,73
"Cholesterol",1.18165571680721,12,73
"APP",8.63300802323832,4,73
"MPZ",0.240100453442631,24,73
"NRXN",0.608065321847213,15,73
"PROS",4.46179648840852,5,73
"IGF",0.432044165519457,18,73
"Androstenedione",8.96711678181612,3,73
"NECTIN",0.492034530526561,16,73
"PDGF",0.404304818276782,20,73
"EPHB",0.371432261386594,21,73
"EPHA",9.74327944072297,1,73
"NGL",2.17676003993501,10,73
"Netrin",0.430450467549106,19,73
"SEMA6",9.21698839722162,2,73
"LAMININ",0.433427723662119,19,74
"ADGRL",0.395805875588935,21,74
"CADM",3.35030803136314,6,74
"PTPRM",3.18785061477215,7,74
"NRG",0.493650177146715,16,74
"COLLAGEN",0.679430893540443,15,74
"JAM",0.378949357944289,22,74
"CDH",1.73607858154972,10,74
"Testosterone",2.39463304385808,9,74
"NCAM",2.50606782817822,8,74
"Cholesterol",0.966384501321458,12,74
"APP",5.38372818482652,3,74
"MPZ",0.433556163880393,18,74
"NRXN",0.824268047482071,13,74
"PROS",11.6001690261176,1,74
"IGF",0.491339370251584,17,74
"Androstenedione",7.97797528702274,2,74
"NECTIN",0.793239456278552,14,74
"PDGF",0.268448497950886,24,74
"EPHB",0.426607769563707,20,74
"EPHA",4.83432097841363,4,74
"NGL",1.6732921040753,11,74
"Netrin",0.299499903784189,23,74
"SEMA6",4.06636398512936,5,74
"LAMININ",0.596521073351183,17,75
"ADGRL",0.286853246338485,21,75
"CADM",4.31031685832281,4,75
"PTPRM",4.42173027145343,2,75
"NRG",0.354437925423898,20,75
"COLLAGEN",0.70353395855644,14,75
"JAM",0.678277850572784,15,75
"CDH",1.86428412357205,10,75
"Testosterone",2.59565202587024,7,75
"NCAM",2.2515538148912,8,75
"Cholesterol",1.26140017829583,12,75
"APP",3.72381557042261,5,75
"MPZ",0.246403586969159,24,75
"NRXN",0.877123376725959,13,75
"PROS",1.9530977915227,9,75
"IGF",0.362245707322916,19,75
"Androstenedione",4.38116903305519,3,75
"NECTIN",0.626323467247136,16,75
"PDGF",0.447535415452035,18,75
"EPHB",0.284794781319787,22,75
"EPHA",4.94353578333522,1,75
"NGL",1.49206757358493,11,75
"Netrin",0.26996222868125,23,75
"SEMA6",3.09230096220066,6,75
"LAMININ",0.377525263770498,23,76
"ADGRL",0.278508259209632,24,76
"CADM",4.15004915933888,3,76
"PTPRM",4.13027416816919,4,76
"NRG",0.489722287200098,20,76
"COLLAGEN",0.554868861295469,16,76
"JAM",0.524463071289009,18,76
"CDH",2.65783495999558,8,76
"Testosterone",2.44103559889547,9,76
"NCAM",2.31896739859205,10,76
"Cholesterol",1.40068027412847,12,76
"APP",3.23476422660361,6,76
"MPZ",0.480210433128439,21,76
"NRXN",0.928191663222256,13,76
"PROS",24.9093854249142,1,76
"IGF",0.418625468487314,22,76
"Androstenedione",5.92934130800037,2,76
"NECTIN",0.532283589587669,17,76
"PDGF",0.683540807967192,15,76
"EPHB",0.490982230499765,19,76
"EPHA",3.0501544261514,7,76
"NGL",1.78648867053133,11,76
"Netrin",0.691898964046554,14,76
"SEMA6",3.96068340403692,5,76
"LAMININ",0.330368572487334,21,77
"ADGRL",0.209399342991349,24,77
"CADM",4.70937119801123,4,77
"PTPRM",4.24603413832925,6,77
"NRG",0.287693810992367,23,77
"COLLAGEN",0.709841929251164,15,77
"JAM",0.844131191930129,14,77
"CDH",2.41619672326339,8,77
"Testosterone",2.75883860651917,7,77
"NCAM",2.33313443677114,10,77
"Cholesterol",1.0915116231302,12,77
"APP",4.72691863265969,3,77
"MPZ",0.486343842393761,18,77
"NRXN",0.963892191308718,13,77
"PROS",6.55626077223117,1,77
"IGF",0.349550650120659,20,77
"Androstenedione",4.57252281012669,5,77
"NECTIN",0.308295557216081,22,77
"PDGF",0.643447103980096,16,77
"EPHB",0.434246408369951,19,77
"EPHA",2.35297095971485,9,77
"NGL",2.05386760307131,11,77
"Netrin",0.564831090272174,17,77
"SEMA6",5.47605136735254,2,77
"LAMININ",0.450461536354718,20,78
"ADGRL",0.272275556315914,23,78
"CADM",3.5995088146028,5,78
"PTPRM",4.22193376871559,3,78
"NRG",0.273217219801992,22,78
"COLLAGEN",0.70075615687302,16,78
"JAM",0.774305721383886,15,78
"CDH",2.56534803360342,8,78
"Testosterone",2.38380328079488,9,78
"NCAM",1.86610222018938,10,78
"Cholesterol",1.57182186030119,12,78
"APP",5.19071903555888,2,78
"MPZ",0.231541832205983,24,78
"NRXN",0.954941750663169,13,78
"PROS",6.40050091060207,1,78
"IGF",0.320711871417951,21,78
"Androstenedione",2.82912225065285,7,78
"NECTIN",0.778014593781975,14,78
"PDGF",0.602115621680946,17,78
"EPHB",0.502901186552611,18,78
"EPHA",4.12319392028067,4,78
"NGL",1.71025670919482,11,78
"Netrin",0.493325153449879,19,78
"SEMA6",3.38281022762447,6,78
"LAMININ",0.383553663504901,20,79
"ADGRL",0.189455909838657,24,79
"CADM",4.82351812877265,3,79
"PTPRM",4.53640843612966,4,79
"NRG",0.272108534719278,22,79
"COLLAGEN",0.592731013419336,16,79
"JAM",0.654647952219123,15,79
"CDH",2.59597666332545,8,79
"Testosterone",2.79943808339263,7,79
"NCAM",1.63846607910693,11,79
"Cholesterol",1.36945995005179,12,79
"APP",4.4460646983697,5,79
"MPZ",0.675723967258683,14,79
"NRXN",0.817283188689842,13,79
"PROS",4.959958363502,2,79
"IGF",0.252458453287249,23,79
"Androstenedione",8.49209843633994,1,79
"NECTIN",0.583856481204762,17,79
"PDGF",0.547893872066103,19,79
"EPHB",0.35028358652127,21,79
"EPHA",2.57142832465497,10,79
"NGL",2.5787043971267,9,79
"Netrin",0.563522380630425,18,79
"SEMA6",3.98426104696234,6,79
"LAMININ",0.655142871788883,13,80
"ADGRL",0.407552832214823,21,80
"CADM",5.18896606029696,2,80
"PTPRM",4.59312279360225,6,80
"NRG",0.421111806663787,20,80
"COLLAGEN",0.640573343897651,15,80
"JAM",0.654794926697514,14,80
"CDH",1.68333201734183,11,80
"Testosterone",2.39103548380852,8,80
"NCAM",1.74578497165913,10,80
"Cholesterol",1.25539753565599,12,80
"APP",4.68030466489387,5,80
"MPZ",0.447751114188013,19,80
"NRXN",0.598733314976104,16,80
"PROS",13.5068081542173,1,80
"IGF",0.271851668666761,24,80
"Androstenedione",4.87320999671248,4,80
"NECTIN",0.333557376307782,23,80
"PDGF",0.363427382288404,22,80
"EPHB",0.459268252635281,18,80
"EPHA",2.56893721627785,7,80
"NGL",1.9821504574037,9,80
"Netrin",0.500928916376758,17,80
"SEMA6",5.14161226697416,3,80
"LAMININ",0.541573585916826,19,81
"ADGRL",0.290073106616596,22,81
"CADM",3.93417371943541,3,81
"PTPRM",3.60676972172404,4,81
"NRG",0.33949472073286,21,81
"COLLAGEN",0.62995592167833,17,81
"JAM",0.681988045578593,14,81
"CDH",2.00540564132968,9,81
"Testosterone",2.38096824508839,6,81
"NCAM",1.92539031991358,10,81
"Cholesterol",1.19788432581735,12,81
"APP",5.04533048601661,1,81
"MPZ",0.463939484959701,20,81
"NRXN",1.06072989183349,13,81
"PROS",2.16126947565055,8,81
"IGF",0.198994200293873,24,81
"Androstenedione",2.67277813594023,5,81
"NECTIN",0.681934480195376,15,81
"PDGF",0.676884057865526,16,81
"EPHB",0.28884809692312,23,81
"EPHA",2.23767061229934,7,81
"NGL",1.54650256386861,11,81
"Netrin",0.589903565001929,18,81
"SEMA6",4.95205854871884,2,81
"LAMININ",0.475921231274659,19,82
"ADGRL",0.264505002077513,24,82
"CADM",2.9858455137376,8,82
"PTPRM",3.0171767914626,7,82
"NRG",0.360635605254554,23,82
"COLLAGEN",0.537008875552249,16,82
"JAM",0.496299951944195,18,82
"CDH",3.43021106355415,6,82
"Testosterone",2.44966987405365,9,82
"NCAM",2.09813591786856,10,82
"Cholesterol",1.23926134080762,12,82
"APP",4.38789896510177,2,82
"MPZ",0.369968214471698,21,82
"NRXN",0.687502812969457,14,82
"PROS",3.88221769290461,4,82
"IGF",0.36612098748189,22,82
"Androstenedione",4.76544828114652,1,82
"NECTIN",0.527292416323556,17,82
"PDGF",0.615482451454119,15,82
"EPHB",0.418782908838765,20,82
"EPHA",4.00059438777247,3,82
"NGL",1.78998239758078,11,82
"Netrin",0.711159301218508,13,82
"SEMA6",3.49702486820343,5,82
"LAMININ",0.692305018162569,16,83
"ADGRL",0.165198492833814,24,83
"CADM",4.42718816956454,3,83
"PTPRM",3.88443566827315,4,83
"NRG",0.357919782941922,21,83
"COLLAGEN",0.859297618602751,13,83
"JAM",0.786118353995565,14,83
"CDH",3.67904638218487,6,83
"Testosterone",3.05040826461571,8,83
"NCAM",1.99539202506716,11,83
"Cholesterol",1.11115814123587,12,83
"APP",3.6914401890025,5,83
"MPZ",0.310309356227698,22,83
"NRXN",0.727368414184793,15,83
"PROS",3.45756476401398,7,83
"IGF",0.246394258038907,23,83
"Androstenedione",5.59735665020961,1,83
"NECTIN",0.562143549658124,17,83
"PDGF",0.511408865667858,19,83
"EPHB",0.441122556255526,20,83
"EPHA",2.52547327175274,9,83
"NGL",2.13222351902633,10,83
"Netrin",0.550300574519107,18,83
"SEMA6",4.45349881869831,2,83
"LAMININ",0.431965372874353,17,84
"ADGRL",0.226681959545015,23,84
"CADM",4.21580527500289,6,84
"PTPRM",3.87247616955976,7,84
"NRG",0.360751361351464,19,84
"COLLAGEN",0.616621574857418,14,84
"JAM",0.57562404456045,15,84
"CDH",2.15922903025101,9,84
"Testosterone",2.10642261870355,10,84
"NCAM",1.73611116439811,11,84
"Cholesterol",1.07912785045616,12,84
"APP",10.3322394154287,2,84
"MPZ",0.500663912704856,16,84
"NRXN",0.760183053564659,13,84
"PROS",6.16252911966692,4,84
"IGF",0.359197529525422,20,84
"Androstenedione",4.3456201398792,5,84
"NECTIN",0.120931563238344,24,84
"PDGF",0.421652031152889,18,84
"EPHB",0.28245686775388,22,84
"EPHA",11.3492966620535,1,84
"NGL",2.25752755102536,8,84
"Netrin",0.35185822774021,21,84
"SEMA6",9.84873965735265,3,84
"LAMININ",0.44564016627655,19,85
"ADGRL",0.313772748512137,21,85
"CADM",4.06044865459708,5,85
"PTPRM",4.36990275383191,3,85
"NRG",0.177906099109626,24,85
"COLLAGEN",0.509101051259689,16,85
"JAM",0.54333685042017,15,85
"CDH",2.77412706947449,7,85
"Testosterone",2.570445398571,8,85
"NCAM",1.88029119632991,11,85
"Cholesterol",1.20228929532703,13,85
"APP",5.41292745102696,2,85
"MPZ",0.484873129596944,17,85
"NRXN",1.27650454932304,12,85
"PROS",1.96058614625394,10,85
"IGF",0.300876691179277,22,85
"Androstenedione",9.46348452729644,1,85
"NECTIN",0.56858471626076,14,85
"PDGF",0.271222317579648,23,85
"EPHB",0.424331398182325,20,85
"EPHA",4.29963871135627,4,85
"NGL",1.99926555728802,9,85
"Netrin",0.470278549623102,18,85
"SEMA6",4.00338283733026,6,85
"LAMININ",0.510019014625229,18,86
"ADGRL",0.362371791299434,22,86
"CADM",4.9441160712861,2,86
"PTPRM",4.35816446209022,4,86
"NRG",0.476624755494004,20,86
"COLLAGEN",0.583150737743531,16,86
"JAM",0.786103102517267,14,86
"CDH",2.31901027533707,9,86
"Testosterone",2.59465845760903,8,86
"NCAM",2.2975347438228,10,86
"Cholesterol",1.03407352511623,12,86
"APP",4.72823213577948,3,86
"MPZ",0.594632407957072,15,86
"NRXN",1.01328299964606,13,86
"PROS",3.17609123161134,6,86
"IGF",0.444865302509335,21,86
"Androstenedione",3.10372785720769,7,86
"NECTIN",0.23356959952641,23,86
"PDGF",0.216673670637431,24,86
"EPHB",0.49878743687788,19,86
"EPHA",3.82981458864132,5,86
"NGL",1.98721978892879,11,86
"Netrin",0.553135932961248,17,86
"SEMA6",5.15631456164596,1,86
"LAMININ",0.491308245972017,17,87
"ADGRL",0.250530582041419,24,87
"CADM",3.21161968907646,5,87
"PTPRM",3.50345813325925,4,87
"NRG",0.390760342823921,21,87
"COLLAGEN",0.643605298533587,15,87
"JAM",0.851650737606846,13,87
"CDH",2.35782083119392,7,87
"Testosterone",2.29094957467357,8,87
"NCAM",1.98641609533014,9,87
"Cholesterol",1.08423165204584,12,87
"APP",4.81504924870783,3,87
"MPZ",0.552523881717533,16,87
"NRXN",0.731542369002448,14,87
"PROS",1.46609590988709,11,87
"IGF",0.376816606064333,22,87
"Androstenedione",8.14875287841383,1,87
"NECTIN",0.48707183006598,18,87
"PDGF",0.304196552064669,23,87
"EPHB",0.418961390015407,20,87
"EPHA",2.99630464157672,6,87
"NGL",1.81790312873394,10,87
"Netrin",0.456239926649645,19,87
"SEMA6",5.03453643058026,2,87
"LAMININ",0.516708912407363,17,88
"ADGRL",0.210646302358539,24,88
"CADM",4.12027043405177,4,88
"PTPRM",4.18884959274683,3,88
"NRG",0.287525587817261,23,88
"COLLAGEN",0.644116410433316,16,88
"JAM",0.402493455184366,20,88
"CDH",2.87334940117603,7,88
"Testosterone",2.57148287572072,8,88
"NCAM",2.21297810508874,10,88
"Cholesterol",0.869084249025465,13,88
"APP",3.80968433623431,5,88
"MPZ",0.309155832389291,22,88
"NRXN",0.978952792820902,12,88
"PROS",2.34025310437391,9,88
"IGF",0.408243321183087,18,88
"Androstenedione",10.367183616413,1,88
"NECTIN",0.765504951847372,14,88
"PDGF",0.36894622838166,21,88
"EPHB",0.408100116624352,19,88
"EPHA",6.71652119757531,2,88
"NGL",1.87774000265844,11,88
"Netrin",0.693112365077384,15,88
"SEMA6",3.54420323944891,6,88
"LAMININ",0.514254972215134,14,89
"ADGRL",0.299767061108786,23,89
"CADM",4.76472782299062,3,89
"PTPRM",4.64701303590806,4,89
"NRG",0.342724369306467,22,89
"COLLAGEN",0.469200426355422,16,89
"JAM",0.705065857548375,13,89
"CDH",2.32319360952344,9,89
"Testosterone",2.82351748007883,8,89
"NCAM",2.28544551856829,10,89
"Cholesterol",1.30687837649121,12,89
"APP",5.49491507170119,2,89
"MPZ",0.431880740888609,19,89
"NRXN",0.507502611761542,15,89
"PROS",4.2493709858924,6,89
"IGF",0.287848605882995,24,89
"Androstenedione",4.57356927356311,5,89
"NECTIN",0.390068752010236,20,89
"PDGF",0.458014466475936,18,89
"EPHB",0.370533628541906,21,89
"EPHA",3.36032269242905,7,89
"NGL",1.76338345172987,11,89
"Netrin",0.459664967798315,17,89
"SEMA6",5.86860007371687,1,89
"LAMININ",0.2425068335106,23,90
"ADGRL",0.270312341238812,22,90
"CADM",3.57442781967808,2,90
"PTPRM",3.62996801361337,1,90
"NRG",0.480334344643376,18,90
"COLLAGEN",0.640895683052076,16,90
"JAM",0.750086590399324,14,90
"CDH",2.75649879998459,6,90
"Testosterone",2.5019518968899,9,90
"NCAM",2.36776596168648,10,90
"Cholesterol",1.49992355948702,12,90
"APP",3.1355135618119,4,90
"MPZ",0.560944791320575,17,90
"NRXN",1.01086720493382,13,90
"PROS",2.61674760831045,8,90
"IGF",0.411828497917876,21,90
"Androstenedione",2.66158212773034,7,90
"NECTIN",0.708419369727948,15,90
"PDGF",0.440685872902353,19,90
"EPHB",0.215526173736498,24,90
"EPHA",3.04049462544915,5,90
"NGL",1.9373883392525,11,90
"Netrin",0.426617071598164,20,90
"SEMA6",3.16718155859608,3,90
"LAMININ",0.455646620156242,19,91
"ADGRL",0.255940551955861,23,91
"CADM",2.99862280208253,4,91
"PTPRM",3.31745316839719,3,91
"NRG",0.453689450699271,20,91
"COLLAGEN",0.907172703674506,13,91
"JAM",0.626942126983867,16,91
"CDH",2.56859173281909,8,91
"Testosterone",2.74036972850727,5,91
"NCAM",2.42807662950669,9,91
"Cholesterol",1.22728817604574,12,91
"APP",5.09158430116598,1,91
"MPZ",0.158538246053359,24,91
"NRXN",0.878309805707728,14,91
"PROS",1.87513278764868,10,91
"IGF",0.465046677919324,17,91
"Androstenedione",2.72359597657857,6,91
"NECTIN",0.458619565603501,18,91
"PDGF",0.314858710015176,22,91
"EPHB",0.31856520785807,21,91
"EPHA",2.61153500948386,7,91
"NGL",1.76013556916771,11,91
"Netrin",0.648593813983354,15,91
"SEMA6",4.49895942492952,2,91
"LAMININ",0.315418881312943,22,92
"ADGRL",0.269963608352621,24,92
"CADM",4.666589203592,6,92
"PTPRM",4.75267092541888,5,92
"NRG",0.43784315528525,18,92
"COLLAGEN",0.540585882450423,15,92
"JAM",0.480629642231099,16,92
"CDH",2.62225469853074,8,92
"Testosterone",2.09000170738084,9,92
"NCAM",1.8270251036027,11,92
"Cholesterol",1.30026016465528,12,92
"APP",5.0228910848019,3,92
"MPZ",0.44147093789455,17,92
"NRXN",0.576019037763233,14,92
"PROS",6.2424397940401,1,92
"IGF",0.303871074246343,23,92
"Androstenedione",5.01649757427539,4,92
"NECTIN",0.385393848352796,20,92
"PDGF",0.403907536405831,19,92
"EPHB",0.353129544467888,21,92
"EPHA",6.11083349240902,2,92
"NGL",1.88297977044581,10,92
"Netrin",0.598077921660464,13,92
"SEMA6",4.1610001498555,7,92
"LAMININ",0.417732579259075,20,93
"ADGRL",0.263518916315353,23,93
"CADM",5.69506948168355,1,93
"PTPRM",5.19224682213527,3,93
"NRG",0.443349033188518,19,93
"COLLAGEN",0.661411022154408,14,93
"JAM",0.469261195345701,18,93
"CDH",2.11745523339434,9,93
"Testosterone",2.40371232938201,8,93
"NCAM",1.9553508367529,10,93
"Cholesterol",1.2875139402414,12,93
"APP",3.14041042228987,6,93
"MPZ",0.215759937360412,24,93
"NRXN",0.623019152203751,15,93
"PROS",3.9380834799105,5,93
"IGF",0.379625784520651,21,93
"Androstenedione",5.21241502788822,2,93
"NECTIN",0.604893306673898,16,93
"PDGF",0.483678660045791,17,93
"EPHB",0.299911414718808,22,93
"EPHA",4.86262586757488,4,93
"NGL",1.69222089466464,11,93
"Netrin",0.679675738154036,13,93
"SEMA6",2.88960044681202,7,93
"LAMININ",0.46454047366806,20,94
"ADGRL",0.204241430791316,24,94
"CADM",4.16051642586154,6,94
"PTPRM",3.58930690718758,7,94
"NRG",0.559984867150029,17,94
"COLLAGEN",0.639227524783336,15,94
"JAM",0.524796661035927,18,94
"CDH",3.19729786579036,8,94
"Testosterone",2.60385581870376,9,94
"NCAM",2.3378001234993,10,94
"Cholesterol",1.01535493904162,12,94
"APP",14.6826741567892,4,94
"MPZ",0.494108361224683,19,94
"NRXN",0.816330493961259,13,94
"PROS",45.0731668821285,1,94
"IGF",0.405746575553565,21,94
"Androstenedione",6.47959645670853,5,94
"NECTIN",0.3811861138111,23,94
"PDGF",0.395529394189746,22,94
"EPHB",0.564513301660253,16,94
"EPHA",15.1599378675634,2,94
"NGL",2.28411838580675,11,94
"Netrin",0.699350787550758,14,94
"SEMA6",15.0019195335921,3,94
"LAMININ",0.511096822808553,16,95
"ADGRL",0.146268091243313,24,95
"CADM",4.14797793168646,6,95
"PTPRM",3.96992318100309,7,95
"NRG",0.43140761871455,20,95
"COLLAGEN",0.596258702057125,14,95
"JAM",0.589715961123842,15,95
"CDH",2.57949827080549,9,95
"Testosterone",2.66850374578649,8,95
"NCAM",2.27850116472185,10,95
"Cholesterol",1.10621272603972,12,95
"APP",6.25435946270116,2,95
"MPZ",0.393006370372313,22,95
"NRXN",0.723518577356396,13,95
"PROS",7.16576501105785,1,95
"IGF",0.354221837424318,23,95
"Androstenedione",5.54002556211688,4,95
"NECTIN",0.497156609013491,17,95
"PDGF",0.482151221993423,18,95
"EPHB",0.461194267176943,19,95
"EPHA",5.93744719615307,3,95
"NGL",2.08602653495693,11,95
"Netrin",0.406466826657763,21,95
"SEMA6",5.1491184920756,5,95
"LAMININ",0.398780494664878,19,96
"ADGRL",0.303940636251499,21,96
"CADM",4.47793741113682,4,96
"PTPRM",4.4540259764343,5,96
"NRG",0.414944467020002,18,96
"COLLAGEN",0.482772139411193,16,96
"JAM",0.507385733839947,15,96
"CDH",2.73846379720816,8,96
"Testosterone",2.31552892223096,9,96
"NCAM",2.00838619336142,11,96
"Cholesterol",1.30939419633054,12,96
"APP",4.92685550870278,3,96
"MPZ",0.252526167444385,24,96
"NRXN",0.750672780697899,13,96
"PROS",9.8456749833776,1,96
"IGF",0.29306123742446,22,96
"Androstenedione",3.62039956451924,7,96
"NECTIN",0.474686411267951,17,96
"PDGF",0.35770745226687,20,96
"EPHB",0.271401940880714,23,96
"EPHA",5.46782725364915,2,96
"NGL",2.13108348560223,10,96
"Netrin",0.665785335234068,14,96
"SEMA6",3.92659961034256,6,96
"LAMININ",0.427168228679282,18,97
"ADGRL",0.302160165226259,21,97
"CADM",3.63772535344902,6,97
"PTPRM",3.3123647041658,7,97
"NRG",0.419219944937763,20,97
"COLLAGEN",0.451197610997386,17,97
"JAM",0.455079400998552,16,97
"CDH",4.04575175415998,3,97
"Testosterone",2.3078227503834,8,97
"NCAM",2.10862708089975,9,97
"Cholesterol",0.740845700629823,14,97
"APP",3.97129855374342,4,97
"MPZ",0.180959966654954,24,97
"NRXN",1.13907356675558,12,97
"PROS",13.1252059737445,2,97
"IGF",0.420848171984423,19,97
"Androstenedione",15.4232497739217,1,97
"NECTIN",0.235065342782294,23,97
"PDGF",0.475062268907524,15,97
"EPHB",0.236853389409739,22,97
"EPHA",1.652218384988,11,97
"NGL",2.02039502174386,10,97
"Netrin",0.893383350508723,13,97
"SEMA6",3.83319607948135,5,97
"LAMININ",0.432353067825151,20,98
"ADGRL",0.313502017394445,24,98
"CADM",4.02736942622374,6,98
"PTPRM",3.46414711732459,8,98
"NRG",0.446249307943141,18,98
"COLLAGEN",0.660083124570729,15,98
"JAM",0.561706304109758,16,98
"CDH",3.66740540569142,7,98
"Testosterone",2.34643580142844,10,98
"NCAM",1.60598276856788,11,98
"Cholesterol",1.08496143842215,12,98
"APP",6.73421970365283,3,98
"MPZ",0.334714390740764,23,98
"NRXN",0.730528790403603,13,98
"PROS",19.3007284442692,1,98
"IGF",0.382586212930137,21,98
"Androstenedione",6.4711561548944,4,98
"NECTIN",0.458369212923813,17,98
"PDGF",0.340754687359861,22,98
"EPHB",0.441106101163191,19,98
"EPHA",5.82207043653666,5,98
"NGL",2.53267139207121,9,98
"Netrin",0.680681300932957,14,98
"SEMA6",7.08301508902005,2,98
"LAMININ",0.512633810285211,18,99
"ADGRL",0.226177510391858,24,99
"CADM",3.58689865680094,6,99
"PTPRM",3.67014823854664,5,99
"NRG",0.359258870018275,22,99
"COLLAGEN",0.539361076764368,17,99
"JAM",0.662403259321377,16,99
"CDH",2.19348683459516,8,99
"Testosterone",2.59529047061323,7,99
"NCAM",1.76142896054023,9,99
"Cholesterol",1.36604866308091,12,99
"APP",7.1096795558317,2,99
"MPZ",0.497561187274298,19,99
"NRXN",0.835618777499091,14,99
"PROS",1.38406700945429,11,99
"IGF",0.238188850335784,23,99
"Androstenedione",6.25612440738445,4,99
"NECTIN",0.766530348387904,15,99
"PDGF",0.469269572393651,20,99
"EPHB",0.368038465226391,21,99
"EPHA",8.60576223204065,1,99
"NGL",1.50473096551245,10,99
"Netrin",0.857423886105772,13,99
"SEMA6",6.34852781227758,3,99
"LAMININ",0.343645018253034,21,100
"ADGRL",0.257604610178618,24,100
"CADM",4.64685962127682,6,100
"PTPRM",4.24572654243739,7,100
"NRG",0.302056961506851,23,100
"COLLAGEN",0.612970441654278,14,100
"JAM",0.575975557861511,16,100
"CDH",2.91104943927957,8,100
"Testosterone",2.43754913042507,9,100
"NCAM",1.55636387614238,11,100
"Cholesterol",1.32631226428714,12,100
"APP",5.97907648580651,3,100
"MPZ",0.474999998807224,18,100
"NRXN",0.85823575093452,13,100
"PROS",12.7761191477935,1,100
"IGF",0.466722853257254,19,100
"Androstenedione",5.03673773514667,4,100
"NECTIN",0.361097858875962,20,100
"PDGF",0.502350583283872,17,100
"EPHB",0.330820847576693,22,100
"EPHA",6.94326543387486,2,100
"NGL",1.82652640871395,10,100
"Netrin",0.584941293391064,15,100
"SEMA6",4.82196164235711,5,100
