"gene","reason"
"Activin AB","NO_ORTHOLOG_IN_MAPPING"
"Inhibin A","NO_ORTHOLOG_IN_MAPPING"
"Inhibin B","NO_ORTHOLOG_IN_MAPPING"
"IGFL3","NO_ORTHOLOG_IN_MAPPING"
"CCL3L1","NO_ORTHOLOG_IN_MAPPING"
"CCL3L3","NO_ORTHOLOG_IN_MAPPING"
"CCL7","NO_ORTHOLOG_IN_MAPPING"
"CCL14","NO_ORTHOLOG_IN_MAPPING"
"CCL23","NO_ORTHOLOG_IN_MAPPING"
"CCL21","NO_ORTHOLOG_IN_MAPPING"
"CCL18","NO_ORTHOLOG_IN_MAPPING"
"CXCL3","NO_ORTHOLOG_IN_MAPPING"
"CXCL5","NO_ORTHOLOG_IN_MAPPING"
"PF4V1","NO_ORTHOLOG_IN_MAPPING"
"XCL2","NO_ORTHOLOG_IN_MAPPING"
"IL3","NO_ORTHOLOG_IN_MAPPING"
"IL12AB","NO_ORTHOLOG_IN_MAPPING"
"IL23 complex","NO_ORTHOLOG_IN_MAPPING"
"IL27 complex","NO_ORTHOLOG_IN_MAPPING"
"IL1B","NO_ORTHOLOG_IN_MAPPING"
"IL17AF","NO_ORTHOLOG_IN_MAPPING"
"IFNW1","NO_ORTHOLOG_IN_MAPPING"
"IFNA2","NO_ORTHOLOG_IN_MAPPING"
"IFNA4","NO_ORTHOLOG_IN_MAPPING"
"IFNA5","NO_ORTHOLOG_IN_MAPPING"
"IFNA6","NO_ORTHOLOG_IN_MAPPING"
"IFNA7","NO_ORTHOLOG_IN_MAPPING"
"IFNA8","NO_ORTHOLOG_IN_MAPPING"
"IFNA10","NO_ORTHOLOG_IN_MAPPING"
"IFNA13","NO_ORTHOLOG_IN_MAPPING"
"IFNA14","NO_ORTHOLOG_IN_MAPPING"
"IFNA16","NO_ORTHOLOG_IN_MAPPING"
"IFNA17","NO_ORTHOLOG_IN_MAPPING"
"IFNA21","NO_ORTHOLOG_IN_MAPPING"
"LTa1b2","NO_ORTHOLOG_IN_MAPPING"
"KLK3","NO_ORTHOLOG_IN_MAPPING"
"C3","NO_ORTHOLOG_IN_MAPPING"
"C4A","NO_ORTHOLOG_IN_MAPPING"
"CORT","NO_ORTHOLOG_IN_MAPPING"
"PRSS3","NO_ORTHOLOG_IN_MAPPING"
"CTSG","NO_ORTHOLOG_IN_MAPPING"
"PRSS1","NO_ORTHOLOG_IN_MAPPING"
"LGALS9","NO_ORTHOLOG_IN_MAPPING"
"RLN1","NO_ORTHOLOG_IN_MAPPING"
"SLURP1","NO_ORTHOLOG_IN_MAPPING"
"SLURP2","NO_ORTHOLOG_IN_MAPPING"
"UCN2","NO_ORTHOLOG_IN_MAPPING"
"Npnt complex 1","NO_ORTHOLOG_IN_MAPPING"
"Npnt complex 2","NO_ORTHOLOG_IN_MAPPING"
"CEACAM1","NO_ORTHOLOG_IN_MAPPING"
"CLEC2D","NO_ORTHOLOG_IN_MAPPING"
"CLEC2A","NO_ORTHOLOG_IN_MAPPING"
"HLA-A","NO_ORTHOLOG_IN_MAPPING"
"HLA-B","NO_ORTHOLOG_IN_MAPPING"
"HLA-C","NO_ORTHOLOG_IN_MAPPING"
"HLA-E","NO_ORTHOLOG_IN_MAPPING"
"HLA-F","NO_ORTHOLOG_IN_MAPPING"
"HLA-G","NO_ORTHOLOG_IN_MAPPING"
"ULBP1","NO_ORTHOLOG_IN_MAPPING"
"ULBP2","NO_ORTHOLOG_IN_MAPPING"
"ULBP3","NO_ORTHOLOG_IN_MAPPING"
"RAET1L","NO_ORTHOLOG_IN_MAPPING"
"RAET1E","NO_ORTHOLOG_IN_MAPPING"
"RAET1G","NO_ORTHOLOG_IN_MAPPING"
"HLA-DPA1","NO_ORTHOLOG_IN_MAPPING"
"HLA-DPB1","NO_ORTHOLOG_IN_MAPPING"
"HLA-DQA1","NO_ORTHOLOG_IN_MAPPING"
"HLA-DQA2","NO_ORTHOLOG_IN_MAPPING"
"HLA-DOA","NO_ORTHOLOG_IN_MAPPING"
"HLA-DOB","NO_ORTHOLOG_IN_MAPPING"
"HLA-DQB1","NO_ORTHOLOG_IN_MAPPING"
"HLA-DRB1","NO_ORTHOLOG_IN_MAPPING"
"HLA-DRB3","NO_ORTHOLOG_IN_MAPPING"
"HLA-DRB4","NO_ORTHOLOG_IN_MAPPING"
"HLA-DRB5","NO_ORTHOLOG_IN_MAPPING"
"ITGA4_ITGB1","NO_ORTHOLOG_IN_MAPPING"
"ITGA9_ITGB1","NO_ORTHOLOG_IN_MAPPING"
"ITGA4_ITGB7","NO_ORTHOLOG_IN_MAPPING"
"PCDHA10","NO_ORTHOLOG_IN_MAPPING"
"PCDHA11","NO_ORTHOLOG_IN_MAPPING"
"PCDHA12","NO_ORTHOLOG_IN_MAPPING"
"PCDHA13","NO_ORTHOLOG_IN_MAPPING"
"PCDHA1","NO_ORTHOLOG_IN_MAPPING"
"PCDHA2","NO_ORTHOLOG_IN_MAPPING"
"PCDHA4","NO_ORTHOLOG_IN_MAPPING"
"PCDHA5","NO_ORTHOLOG_IN_MAPPING"
"PCDHA6","NO_ORTHOLOG_IN_MAPPING"
"PCDHA7","NO_ORTHOLOG_IN_MAPPING"
"PCDHA8","NO_ORTHOLOG_IN_MAPPING"
"PCDHA9","NO_ORTHOLOG_IN_MAPPING"
"PCDHAC1","NO_ORTHOLOG_IN_MAPPING"
"PCDHAC2","NO_ORTHOLOG_IN_MAPPING"
"PCDHB10","NO_ORTHOLOG_IN_MAPPING"
"PCDHB11","NO_ORTHOLOG_IN_MAPPING"
"PCDHB12","NO_ORTHOLOG_IN_MAPPING"
"PCDHB13","NO_ORTHOLOG_IN_MAPPING"
"PCDHB14","NO_ORTHOLOG_IN_MAPPING"
"PCDHB15","NO_ORTHOLOG_IN_MAPPING"
"PCDHB16","NO_ORTHOLOG_IN_MAPPING"
"PCDHB9","NO_ORTHOLOG_IN_MAPPING"
"PCDHGA1","NO_ORTHOLOG_IN_MAPPING"
"PCDHGA10","NO_ORTHOLOG_IN_MAPPING"
"PCDHGA11","NO_ORTHOLOG_IN_MAPPING"
"PCDHGA12","NO_ORTHOLOG_IN_MAPPING"
"PCDHGA2","NO_ORTHOLOG_IN_MAPPING"
"PCDHGA3","NO_ORTHOLOG_IN_MAPPING"
"PCDHGA4","NO_ORTHOLOG_IN_MAPPING"
"PCDHGA5","NO_ORTHOLOG_IN_MAPPING"
"PCDHGA6","NO_ORTHOLOG_IN_MAPPING"
"PCDHGA7","NO_ORTHOLOG_IN_MAPPING"
"PCDHGA8","NO_ORTHOLOG_IN_MAPPING"
"PCDHGA9","NO_ORTHOLOG_IN_MAPPING"
"PCDHGB1","NO_ORTHOLOG_IN_MAPPING"
"PCDHGB2","NO_ORTHOLOG_IN_MAPPING"
"PCDHGB3","NO_ORTHOLOG_IN_MAPPING"
"PCDHGB4","NO_ORTHOLOG_IN_MAPPING"
"PCDHGB5","NO_ORTHOLOG_IN_MAPPING"
"PCDHGB6","NO_ORTHOLOG_IN_MAPPING"
"PCDHGB7","NO_ORTHOLOG_IN_MAPPING"
"PCDHGC4","NO_ORTHOLOG_IN_MAPPING"
"PCDHGC5","NO_ORTHOLOG_IN_MAPPING"
"KLK4","NO_ORTHOLOG_IN_MAPPING"
"KLK2","NO_ORTHOLOG_IN_MAPPING"
"5-HT-TPH1_SLC18A1","NO_ORTHOLOG_IN_MAPPING"
"5-HT-TPH1_SLC18A2","NO_ORTHOLOG_IN_MAPPING"
"5-HT-TPH1_SLC6A4","NO_ORTHOLOG_IN_MAPPING"
"5-HT-TPH2_SLC18A1","NO_ORTHOLOG_IN_MAPPING"
"5-HT-TPH2_SLC18A2","NO_ORTHOLOG_IN_MAPPING"
"5-HT-TPH2_SLC6A4","NO_ORTHOLOG_IN_MAPPING"
"Ach-CHAT_SLC10A4","NO_ORTHOLOG_IN_MAPPING"
"Ach-CHAT_SLC18A3","NO_ORTHOLOG_IN_MAPPING"
"Ach-CHAT_SLC5A7","NO_ORTHOLOG_IN_MAPPING"
"GABA-GAD1_SLC32A1","NO_ORTHOLOG_IN_MAPPING"
"GABA-GAD1_SLC6A1","NO_ORTHOLOG_IN_MAPPING"
"GABA-GAD1_SLC6A11","NO_ORTHOLOG_IN_MAPPING"
"GABA-GAD1_SLC6A12","NO_ORTHOLOG_IN_MAPPING"
"GABA-GAD1_SLC6A13","NO_ORTHOLOG_IN_MAPPING"
"GABA-GAD1_SLC6A6","NO_ORTHOLOG_IN_MAPPING"
"GABA-GAD1_SLC6A8","NO_ORTHOLOG_IN_MAPPING"
"GABA-GAD2_SLC32A1","NO_ORTHOLOG_IN_MAPPING"
"GABA-GAD2_SLC6A1","NO_ORTHOLOG_IN_MAPPING"
"GABA-GAD2_SLC6A11","NO_ORTHOLOG_IN_MAPPING"
"GABA-GAD2_SLC6A12","NO_ORTHOLOG_IN_MAPPING"
"GABA-GAD2_SLC6A13","NO_ORTHOLOG_IN_MAPPING"
"GABA-GAD2_SLC6A6","NO_ORTHOLOG_IN_MAPPING"
"GABA-GAD2_SLC6A8","NO_ORTHOLOG_IN_MAPPING"
"Gly-SHMT1_SLC6A5","NO_ORTHOLOG_IN_MAPPING"
"Gly-SHMT1_SLC6A9","NO_ORTHOLOG_IN_MAPPING"
"Gly-SHMT2_SLC6A5","NO_ORTHOLOG_IN_MAPPING"
"Gly-SHMT2_SLC6A9","NO_ORTHOLOG_IN_MAPPING"
"ITGAV_ITGB3","NO_ORTHOLOG_IN_MAPPING"
"ITGAV_ITGB5","NO_ORTHOLOG_IN_MAPPING"
"ITGAV_ITGB1","NO_ORTHOLOG_IN_MAPPING"
"COL3A1","NO_ORTHOLOG_IN_MAPPING"
"TENM2_FLRT1","NO_ORTHOLOG_IN_MAPPING"
"TENM2_FLRT3","NO_ORTHOLOG_IN_MAPPING"
"TENM4_FLRT1","NO_ORTHOLOG_IN_MAPPING"
"TENM4_FLRT3","NO_ORTHOLOG_IN_MAPPING"
"TENM3_FLRT1","NO_ORTHOLOG_IN_MAPPING"
"TENM3_FLRT3","NO_ORTHOLOG_IN_MAPPING"
"ADO-NT5E_SLC29A1","NO_ORTHOLOG_IN_MAPPING"
"ADO-NT5E_SLC29A2","NO_ORTHOLOG_IN_MAPPING"
"ADO-NT5E_SLC29A3","NO_ORTHOLOG_IN_MAPPING"
"ADO-NT5E_SLC29A4","NO_ORTHOLOG_IN_MAPPING"
"ADR-PNMT_SLC18A1","NO_ORTHOLOG_IN_MAPPING"
"ADR-PNMT_SLC18A2","NO_ORTHOLOG_IN_MAPPING"
"NE-DBH_SLC18A1","NO_ORTHOLOG_IN_MAPPING"
"NE-DBH_SLC18A2","NO_ORTHOLOG_IN_MAPPING"
"NE-DBH_SLC6A2","NO_ORTHOLOG_IN_MAPPING"
"LTC4-LTC4S","NO_ORTHOLOG_IN_MAPPING"
"LTD4-GGT1","NO_ORTHOLOG_IN_MAPPING"
"LTE4-DPEP1","NO_ORTHOLOG_IN_MAPPING"
"LTE4-DPEP2","NO_ORTHOLOG_IN_MAPPING"
"LTE4-DPEP3","NO_ORTHOLOG_IN_MAPPING"
"DOPA-DDC_SLC18A1","NO_ORTHOLOG_IN_MAPPING"
"DOPA-DDC_SLC18A2","NO_ORTHOLOG_IN_MAPPING"
"DOPA-DDC_SLC6A3","NO_ORTHOLOG_IN_MAPPING"
"LXA4-ALOX12","NO_ORTHOLOG_IN_MAPPING"
"LXA4-ALOX5","NO_ORTHOLOG_IN_MAPPING"
"MT-RNR2","NO_ORTHOLOG_IN_MAPPING"
"Glu-SLC17A6_GLS","NO_ORTHOLOG_IN_MAPPING"
"Glu-SLC17A7_GLS","NO_ORTHOLOG_IN_MAPPING"
"Glu-SLC17A8_GLS","NO_ORTHOLOG_IN_MAPPING"
"Glu-SLC1A1_GLS","NO_ORTHOLOG_IN_MAPPING"
"Glu-SLC1A2_GLS","NO_ORTHOLOG_IN_MAPPING"
"Glu-SLC1A3_GLS","NO_ORTHOLOG_IN_MAPPING"
"Glu-SLC1A6_GLS","NO_ORTHOLOG_IN_MAPPING"
"Glu-SLC1A7_GLS","NO_ORTHOLOG_IN_MAPPING"
"Glu-SLC17A6_GLS2","NO_ORTHOLOG_IN_MAPPING"
"Glu-SLC17A7_GLS2","NO_ORTHOLOG_IN_MAPPING"
"Glu-SLC17A8_GLS2","NO_ORTHOLOG_IN_MAPPING"
"Glu-SLC1A1_GLS2","NO_ORTHOLOG_IN_MAPPING"
"Glu-SLC1A2_GLS2","NO_ORTHOLOG_IN_MAPPING"
"Glu-SLC1A3_GLS2","NO_ORTHOLOG_IN_MAPPING"
"Glu-SLC1A6_GLS2","NO_ORTHOLOG_IN_MAPPING"
"Glu-SLC1A7_GLS2","NO_ORTHOLOG_IN_MAPPING"
"Glu-NRXN1_CBLN1","NO_ORTHOLOG_IN_MAPPING"
"Hist-HDC","NO_ORTHOLOG_IN_MAPPING"
"LTB4-LTA4H","NO_ORTHOLOG_IN_MAPPING"
"b-Endorphin-POMC","NO_ORTHOLOG_IN_MAPPING"
"PGD2-PTGDS","NO_ORTHOLOG_IN_MAPPING"
"PGE2-PTGES","NO_ORTHOLOG_IN_MAPPING"
"PGE2-PTGES2","NO_ORTHOLOG_IN_MAPPING"
"PGE2-PTGES3","NO_ORTHOLOG_IN_MAPPING"
"PGD2-AKR1C3","NO_ORTHOLOG_IN_MAPPING"
"PGF2a-CBR1","NO_ORTHOLOG_IN_MAPPING"
"PGF2a-PRXL2B","NO_ORTHOLOG_IN_MAPPING"
"PGI2-PTGIS","NO_ORTHOLOG_IN_MAPPING"
"TXA2-TBXAS1","NO_ORTHOLOG_IN_MAPPING"
"12oxoLTB4-PTGR1","NO_ORTHOLOG_IN_MAPPING"
"22HC-CYP11A1","NO_ORTHOLOG_IN_MAPPING"
"22HC-CYP3A4","NO_ORTHOLOG_IN_MAPPING"
"2AG-DAGLA","NO_ORTHOLOG_IN_MAPPING"
"2AG-DAGLB","NO_ORTHOLOG_IN_MAPPING"
"5alphaP-DHRS9","NO_ORTHOLOG_IN_MAPPING"
"ADORA3","NO_ORTHOLOG_IN_MAPPING"
"Aldo-CYP11B2","NO_ORTHOLOG_IN_MAPPING"
"Androstenedione-CYP17A1","NO_ORTHOLOG_IN_MAPPING"
"Androsterone-HSD17B6","NO_ORTHOLOG_IN_MAPPING"
"RA-ALDH1A1","NO_ORTHOLOG_IN_MAPPING"
"RA-ALDH1A2","NO_ORTHOLOG_IN_MAPPING"
"RA-ALDH1A3","NO_ORTHOLOG_IN_MAPPING"
"Calcitriol-CYP27B1","NO_ORTHOLOG_IN_MAPPING"
"CEACAM5","NO_ORTHOLOG_IN_MAPPING"
"CEACAM6","NO_ORTHOLOG_IN_MAPPING"
"CEACAM8","NO_ORTHOLOG_IN_MAPPING"
"Cholesterol-CEL","NO_ORTHOLOG_IN_MAPPING"
"Cholesterol-DHCR24","NO_ORTHOLOG_IN_MAPPING"
"Cholesterol-DHCR7","NO_ORTHOLOG_IN_MAPPING"
"Cholesterol-LIPA","NO_ORTHOLOG_IN_MAPPING"
"Cort-CYP11B1","NO_ORTHOLOG_IN_MAPPING"
"DHEA-STS","NO_ORTHOLOG_IN_MAPPING"
"Desmosterol-DHCR7","NO_ORTHOLOG_IN_MAPPING"
"DOC-CYP21A2","NO_ORTHOLOG_IN_MAPPING"
"DHEAS-SULT1E1","NO_ORTHOLOG_IN_MAPPING"
"DHEAS-SULT2A1","NO_ORTHOLOG_IN_MAPPING"
"DHEAS-SULT2B","NO_ORTHOLOG_IN_MAPPING"
"DHT-SRD5A1","NO_ORTHOLOG_IN_MAPPING"
"DHT-SRD5A2","NO_ORTHOLOG_IN_MAPPING"
"DHT-SRD5A3","NO_ORTHOLOG_IN_MAPPING"
"E2-CYP19A1","NO_ORTHOLOG_IN_MAPPING"
"E2-HSD17B1","NO_ORTHOLOG_IN_MAPPING"
"LAIR1","NO_ORTHOLOG_IN_MAPPING"
"Melatonin-ASMT","NO_ORTHOLOG_IN_MAPPING"
"MICA","NO_ORTHOLOG_IN_MAPPING"
"MICB","NO_ORTHOLOG_IN_MAPPING"
"Pregnenolone-CYP11A1","NO_ORTHOLOG_IN_MAPPING"
"Progesterone-HSD3B1","NO_ORTHOLOG_IN_MAPPING"
"5-HT-DOPA-DDC","NO_ORTHOLOG_IN_MAPPING"
"SIRPG","NO_ORTHOLOG_IN_MAPPING"
"Testosterone-AKR1D1","NO_ORTHOLOG_IN_MAPPING"
"Testosterone-HSD17B12","NO_ORTHOLOG_IN_MAPPING"
"Testosterone-HSD17B3","NO_ORTHOLOG_IN_MAPPING"
"GPHB5_GPHA2","NO_ORTHOLOG_IN_MAPPING"
"CGA_TSHB","NO_ORTHOLOG_IN_MAPPING"
"T3-DIO3","NO_ORTHOLOG_IN_MAPPING"
"TULP1","NO_ORTHOLOG_IN_MAPPING"
"TGFbR1_R2","NO_ORTHOLOG_IN_MAPPING"
"ACVR1B_TGFbR2","NO_ORTHOLOG_IN_MAPPING"
"ACVR1C_TGFbR2","NO_ORTHOLOG_IN_MAPPING"
"ACVR1_TGFbR","NO_ORTHOLOG_IN_MAPPING"
"BMPR1A_ACVR2A","NO_ORTHOLOG_IN_MAPPING"
"BMPR1A_ACVR2B","NO_ORTHOLOG_IN_MAPPING"
"BMPR1A_BMPR2","NO_ORTHOLOG_IN_MAPPING"
"BMPR1B_ACVR2A","NO_ORTHOLOG_IN_MAPPING"
"BMPR1B_ACVR2B","NO_ORTHOLOG_IN_MAPPING"
"BMPR1B_BMPR2","NO_ORTHOLOG_IN_MAPPING"
"ACVR1_ACVR2A","NO_ORTHOLOG_IN_MAPPING"
"ACVR1_ACVR2B","NO_ORTHOLOG_IN_MAPPING"
"ACVR1_BMPR2","NO_ORTHOLOG_IN_MAPPING"
"ACVRL1_BMPR2","NO_ORTHOLOG_IN_MAPPING"
"ACVRL1_ACVR2A","NO_ORTHOLOG_IN_MAPPING"
"ACVR1B_BMPR2","NO_ORTHOLOG_IN_MAPPING"
"ACVR1B_ACVR2A","NO_ORTHOLOG_IN_MAPPING"
"TGFBR1_ACVR2A","NO_ORTHOLOG_IN_MAPPING"
"TGFBR1_ACVR2B","NO_ORTHOLOG_IN_MAPPING"
"ACVR1B_ACVR2B","NO_ORTHOLOG_IN_MAPPING"
"AMHR2_ACVR1","NO_ORTHOLOG_IN_MAPPING"
"AMHR2_BMPR1A","NO_ORTHOLOG_IN_MAPPING"
"GFRA1_RET","NO_ORTHOLOG_IN_MAPPING"
"GFRA2_RET","NO_ORTHOLOG_IN_MAPPING"
"GFRA3_RET","NO_ORTHOLOG_IN_MAPPING"
"GFRA4_RET","NO_ORTHOLOG_IN_MAPPING"
"ACVR1B_ACVR2A_CFC1","NO_ORTHOLOG_IN_MAPPING"
"ACVR1C_ACVR2A_CFC1","NO_ORTHOLOG_IN_MAPPING"
"ACVR1B_ACVR2B_CFC1","NO_ORTHOLOG_IN_MAPPING"
"ACVR1C_ACVR2B_CFC1","NO_ORTHOLOG_IN_MAPPING"
"ACVR1C_ACVR2A","NO_ORTHOLOG_IN_MAPPING"
"ACVR1C_ACVR2B","NO_ORTHOLOG_IN_MAPPING"
"FZD1_LRP5","NO_ORTHOLOG_IN_MAPPING"
"FZD10_LRP5","NO_ORTHOLOG_IN_MAPPING"
"FZD2_LRP5","NO_ORTHOLOG_IN_MAPPING"
"FZD3_LRP5","NO_ORTHOLOG_IN_MAPPING"
"FZD4_LRP5","NO_ORTHOLOG_IN_MAPPING"
"FZD5_LRP5","NO_ORTHOLOG_IN_MAPPING"
"FZD6_LRP5","NO_ORTHOLOG_IN_MAPPING"
"FZD7_LRP5","NO_ORTHOLOG_IN_MAPPING"
"FZD8_LRP5","NO_ORTHOLOG_IN_MAPPING"
"FZD9_LRP5","NO_ORTHOLOG_IN_MAPPING"
"FZD1_LRP6","NO_ORTHOLOG_IN_MAPPING"
"FZD10_LRP6","NO_ORTHOLOG_IN_MAPPING"
"FZD2_LRP6","NO_ORTHOLOG_IN_MAPPING"
"FZD3_LRP6","NO_ORTHOLOG_IN_MAPPING"
"FZD4_LRP6","NO_ORTHOLOG_IN_MAPPING"
"FZD5_LRP6","NO_ORTHOLOG_IN_MAPPING"
"FZD6_LRP6","NO_ORTHOLOG_IN_MAPPING"
"FZD7_LRP6","NO_ORTHOLOG_IN_MAPPING"
"FZD8_LRP6","NO_ORTHOLOG_IN_MAPPING"
"FZD9_LRP6","NO_ORTHOLOG_IN_MAPPING"
"EGFR_ERBB2","NO_ORTHOLOG_IN_MAPPING"
"ERBB2_ERBB4","NO_ORTHOLOG_IN_MAPPING"
"ERBB2_ERBB3","NO_ORTHOLOG_IN_MAPPING"
"FLT1_KDR","NO_ORTHOLOG_IN_MAPPING"
"FLT4_KDR","NO_ORTHOLOG_IN_MAPPING"
"ITGA6_ITGB4","NO_ORTHOLOG_IN_MAPPING"
"PTCH1_SMO","NO_ORTHOLOG_IN_MAPPING"
"PTCH2_SMO","NO_ORTHOLOG_IN_MAPPING"
"CXCR1","NO_ORTHOLOG_IN_MAPPING"
"CD74_CXCR4","NO_ORTHOLOG_IN_MAPPING"
"CD74_CD44","NO_ORTHOLOG_IN_MAPPING"
"CD74_CXCR2","NO_ORTHOLOG_IN_MAPPING"
"IL2RA_IL2RB","NO_ORTHOLOG_IN_MAPPING"
"IL2RB_IL2RG","NO_ORTHOLOG_IN_MAPPING"
"IL4R_IL2RG","NO_ORTHOLOG_IN_MAPPING"
"IL7R_IL2RG","NO_ORTHOLOG_IN_MAPPING"
"IL9R_IL2RG","NO_ORTHOLOG_IN_MAPPING"
"IL15RA_IL2RB","NO_ORTHOLOG_IN_MAPPING"
"IL21R_IL2RG","NO_ORTHOLOG_IN_MAPPING"
"IL7R_CRLF2","NO_ORTHOLOG_IN_MAPPING"
"IL3RA_CSF2RB","NO_ORTHOLOG_IN_MAPPING"
"IL5RA_CSF2RB","NO_ORTHOLOG_IN_MAPPING"
"CSF2RA_CSF2RB","NO_ORTHOLOG_IN_MAPPING"
"IL4R_IL13RA1","NO_ORTHOLOG_IN_MAPPING"
"IL4R_IL13RA2","NO_ORTHOLOG_IN_MAPPING"
"IL6R_IL6ST","NO_ORTHOLOG_IN_MAPPING"
"IL11R complex","NO_ORTHOLOG_IN_MAPPING"
"IL12RB1_IL12RB2","NO_ORTHOLOG_IN_MAPPING"
"IL23R_IL12RB1","NO_ORTHOLOG_IN_MAPPING"
"IL27RA_IL6ST","NO_ORTHOLOG_IN_MAPPING"
"IL31RA_OSMR","NO_ORTHOLOG_IN_MAPPING"
"CNTFR_LIFR","NO_ORTHOLOG_IN_MAPPING"
"LIFR_IL6ST","NO_ORTHOLOG_IN_MAPPING"
"OSMR_IL6ST","NO_ORTHOLOG_IN_MAPPING"
"IL10RA_IL10RB","NO_ORTHOLOG_IN_MAPPING"
"IL20RA_IL20RB","NO_ORTHOLOG_IN_MAPPING"
"IL22RA1_IL20RB","NO_ORTHOLOG_IN_MAPPING"
"IL22RA1_IL10RB","NO_ORTHOLOG_IN_MAPPING"
"IL20RA_IL10RB","NO_ORTHOLOG_IN_MAPPING"
"IL1R1_IL1RAP","NO_ORTHOLOG_IN_MAPPING"
"IL1RL2_IL1RAP","NO_ORTHOLOG_IN_MAPPING"
"IL18R1_IL18RAP","NO_ORTHOLOG_IN_MAPPING"
"IL1RL1_IL1RAP","NO_ORTHOLOG_IN_MAPPING"
"IL17RA_IL17RC","NO_ORTHOLOG_IN_MAPPING"
"IL17RA_IL17RE","NO_ORTHOLOG_IN_MAPPING"
"IL17RA_IL17RB","NO_ORTHOLOG_IN_MAPPING"
"IFNAR1_IFNAR2","NO_ORTHOLOG_IN_MAPPING"
"IFNGR1_IFNGR2","NO_ORTHOLOG_IN_MAPPING"
"TNFRSF10A","NO_ORTHOLOG_IN_MAPPING"
"ITGA2B_ITGB3","NO_ORTHOLOG_IN_MAPPING"
"ITGA5_ITGB1","NO_ORTHOLOG_IN_MAPPING"
"ITGAM_ITGB2","NO_ORTHOLOG_IN_MAPPING"
"ITGAV_ITGB6","NO_ORTHOLOG_IN_MAPPING"
"ITGA8_ITGB1","NO_ORTHOLOG_IN_MAPPING"
"ITGA1_ITGB1","NO_ORTHOLOG_IN_MAPPING"
"LILRB3","NO_ORTHOLOG_IN_MAPPING"
"ITGA6_ITGB1","NO_ORTHOLOG_IN_MAPPING"
"NCL","NO_ORTHOLOG_IN_MAPPING"
"CR2","NO_ORTHOLOG_IN_MAPPING"
"ITGAX_ITGB2","NO_ORTHOLOG_IN_MAPPING"
"NPY6R","NO_ORTHOLOG_IN_MAPPING"
"NRP1_PLXNA1","NO_ORTHOLOG_IN_MAPPING"
"NRP1_PLXNA2","NO_ORTHOLOG_IN_MAPPING"
"NRP1_PLXNA3","NO_ORTHOLOG_IN_MAPPING"
"NRP1_PLXNA4","NO_ORTHOLOG_IN_MAPPING"
"NRP2_PLXNA1","NO_ORTHOLOG_IN_MAPPING"
"NRP2_PLXNA2","NO_ORTHOLOG_IN_MAPPING"
"NRP2_PLXNA3","NO_ORTHOLOG_IN_MAPPING"
"NRP2_PLXNA4","NO_ORTHOLOG_IN_MAPPING"
"NRP1_NRP2","NO_ORTHOLOG_IN_MAPPING"
"FPR2","NO_ORTHOLOG_IN_MAPPING"
"FPR1","NO_ORTHOLOG_IN_MAPPING"
"GPR1","NO_ORTHOLOG_IN_MAPPING"
"CHRNA7","NO_ORTHOLOG_IN_MAPPING"
"ITGA2_ITGB1","NO_ORTHOLOG_IN_MAPPING"
"ITGA3_ITGB1","NO_ORTHOLOG_IN_MAPPING"
"ITGA7_ITGB1","NO_ORTHOLOG_IN_MAPPING"
"ITGA10_ITGB1","NO_ORTHOLOG_IN_MAPPING"
"ITGA11_ITGB1","NO_ORTHOLOG_IN_MAPPING"
"ITGAV_ITGB8","NO_ORTHOLOG_IN_MAPPING"
"GP complex","NO_ORTHOLOG_IN_MAPPING"
"FPR2_LXA4","NO_ORTHOLOG_IN_MAPPING"
"ITGAE_ITGB7","NO_ORTHOLOG_IN_MAPPING"
"CNTN1_CNTNAP1","NO_ORTHOLOG_IN_MAPPING"
"CNTN2_CNTNAP2","NO_ORTHOLOG_IN_MAPPING"
"ITGAL_ITGB2","NO_ORTHOLOG_IN_MAPPING"
"CD8 receptor","NO_ORTHOLOG_IN_MAPPING"
"CD8B2","NO_ORTHOLOG_IN_MAPPING"
"KIR2DL1","NO_ORTHOLOG_IN_MAPPING"
"KIR2DL2","NO_ORTHOLOG_IN_MAPPING"
"KIR2DL3","NO_ORTHOLOG_IN_MAPPING"
"KIR2DS1","NO_ORTHOLOG_IN_MAPPING"
"KIR2DS4","NO_ORTHOLOG_IN_MAPPING"
"LILRB1","NO_ORTHOLOG_IN_MAPPING"
"LILRB2","NO_ORTHOLOG_IN_MAPPING"
"KIR3DL1","NO_ORTHOLOG_IN_MAPPING"
"KIR3DL2","NO_ORTHOLOG_IN_MAPPING"
"KIR3DL3","NO_ORTHOLOG_IN_MAPPING"
"KLRC1","NO_ORTHOLOG_IN_MAPPING"
"KLRC2","NO_ORTHOLOG_IN_MAPPING"
"KIR3DS1","NO_ORTHOLOG_IN_MAPPING"
"CD94:NKG2A","NO_ORTHOLOG_IN_MAPPING"
"CD94:NKG2C","NO_ORTHOLOG_IN_MAPPING"
"CD94:NKG2E","NO_ORTHOLOG_IN_MAPPING"
"GLYCAM1","NO_ORTHOLOG_IN_MAPPING"
"PLXNA1_KDR","NO_ORTHOLOG_IN_MAPPING"
"PLXNA1_TREM2","NO_ORTHOLOG_IN_MAPPING"
"ITGB1_ITGA1","NO_ORTHOLOG_IN_MAPPING"
"CALCR_RAMP1","NO_ORTHOLOG_IN_MAPPING"
"CALCR_RAMP2","NO_ORTHOLOG_IN_MAPPING"
"CALCR_RAMP3","NO_ORTHOLOG_IN_MAPPING"
"CALCRL_RAMP1","NO_ORTHOLOG_IN_MAPPING"
"CALCRL_RAMP2","NO_ORTHOLOG_IN_MAPPING"
"CALCRL_RAMP3","NO_ORTHOLOG_IN_MAPPING"
"PROCR_HSP90AA1","NO_ORTHOLOG_IN_MAPPING"
"PROCR_F2R","NO_ORTHOLOG_IN_MAPPING"
"HTR3_complex","NO_ORTHOLOG_IN_MAPPING"
"CHRN_A1_2B1DE","NO_ORTHOLOG_IN_MAPPING"
"CHRN_A1_2B1DG","NO_ORTHOLOG_IN_MAPPING"
"CHRN_A3B4","NO_ORTHOLOG_IN_MAPPING"
"CHRN_A4B2","NO_ORTHOLOG_IN_MAPPING"
"GABR_A1B3G2","NO_ORTHOLOG_IN_MAPPING"
"GABR_A1B2G2","NO_ORTHOLOG_IN_MAPPING"
"GABR_A1B2","NO_ORTHOLOG_IN_MAPPING"
"GABR_A1B3","NO_ORTHOLOG_IN_MAPPING"
"GABR_A1B2D","NO_ORTHOLOG_IN_MAPPING"
"GABR_A2B3G2","NO_ORTHOLOG_IN_MAPPING"
"GABR_A3B3G2","NO_ORTHOLOG_IN_MAPPING"
"GABR_A3B3Q","NO_ORTHOLOG_IN_MAPPING"
"GABR_A3B3E","NO_ORTHOLOG_IN_MAPPING"
"GABR_A4B3G2","NO_ORTHOLOG_IN_MAPPING"
"GABR_A4B3D","NO_ORTHOLOG_IN_MAPPING"
"GABR_A4B2D","NO_ORTHOLOG_IN_MAPPING"
"GABR_A5B3G2","NO_ORTHOLOG_IN_MAPPING"
"GABR_A6B3G2","NO_ORTHOLOG_IN_MAPPING"
"GABR_A6B3D","NO_ORTHOLOG_IN_MAPPING"
"GLRA1_GLRB","NO_ORTHOLOG_IN_MAPPING"
"ADGRE2","NO_ORTHOLOG_IN_MAPPING"
"FPR3","NO_ORTHOLOG_IN_MAPPING"
"LTB4R2","NO_ORTHOLOG_IN_MAPPING"
"GRIK1_GRIK4","NO_ORTHOLOG_IN_MAPPING"
"GRIK2_GRIK4","NO_ORTHOLOG_IN_MAPPING"
"GRIK3_GRIK4","NO_ORTHOLOG_IN_MAPPING"
"GRIK1_GRIK5","NO_ORTHOLOG_IN_MAPPING"
"GRIK2_GRIK5","NO_ORTHOLOG_IN_MAPPING"
"GRIK3_GRIK5","NO_ORTHOLOG_IN_MAPPING"
"GRIN1_GRIN2A","NO_ORTHOLOG_IN_MAPPING"
"GRIN1_GRIN2B","NO_ORTHOLOG_IN_MAPPING"
"GRIN1_GRIN2C","NO_ORTHOLOG_IN_MAPPING"
"GRIN1_GRIN2D","NO_ORTHOLOG_IN_MAPPING"
"TREM2_TYROBP","NO_ORTHOLOG_IN_MAPPING"
"CUBN_AMN","NO_ORTHOLOG_IN_MAPPING"
"RARA_CRABP2","NO_ORTHOLOG_IN_MAPPING"
"RARA_RXRA_CRABP2","NO_ORTHOLOG_IN_MAPPING"
"RARB_CRABP2","NO_ORTHOLOG_IN_MAPPING"
"RARB_RXRB_CRABP2","NO_ORTHOLOG_IN_MAPPING"
"RARG_CRABP2","NO_ORTHOLOG_IN_MAPPING"
"RARG_RXRG_CRABP2","NO_ORTHOLOG_IN_MAPPING"
"RXRA_CRABP2","NO_ORTHOLOG_IN_MAPPING"
"RXRB_CRABP2","NO_ORTHOLOG_IN_MAPPING"
"RXRG_CRABP2","NO_ORTHOLOG_IN_MAPPING"
"PILRB","NO_ORTHOLOG_IN_MAPPING"
"LILRB4","NO_ORTHOLOG_IN_MAPPING"
"BCR_CD45_CD22","NO_ORTHOLOG_IN_MAPPING"
"NKG2D_HCST","NO_ORTHOLOG_IN_MAPPING"
"AMHR2_BMPR1B","NO_ORTHOLOG_IN_MAPPING"
"MMP14_ITGAV_ITGB3","NO_ORTHOLOG_IN_MAPPING"
"CATSPER1_CATSPERB","NO_ORTHOLOG_IN_MAPPING"
"CATSPER1_CATSPERD","NO_ORTHOLOG_IN_MAPPING"
"CATSPER2_CATSPERB","NO_ORTHOLOG_IN_MAPPING"
"CATSPER2_CATSPERD","NO_ORTHOLOG_IN_MAPPING"
"CATSPER3_CATSPERB","NO_ORTHOLOG_IN_MAPPING"
"CATSPER3_CATSPERD","NO_ORTHOLOG_IN_MAPPING"
"CATSPER4_CATSPERB","NO_ORTHOLOG_IN_MAPPING"
"CATSPER4_CATSPERD","NO_ORTHOLOG_IN_MAPPING"
"HTR3C","NO_ORTHOLOG_IN_MAPPING"
"HTR3D","NO_ORTHOLOG_IN_MAPPING"
"HTR3E","NO_ORTHOLOG_IN_MAPPING"
"ITGAD_ITGB2","NO_ORTHOLOG_IN_MAPPING"
"BMP10 activation receptor","NO_ORTHOLOG_IN_MAPPING"
"WNT activation receptor","NO_ORTHOLOG_IN_MAPPING"
"ncWNT activation receptor","NO_ORTHOLOG_IN_MAPPING"
"FGF activation receptor 2","NO_ORTHOLOG_IN_MAPPING"
"FGF activation receptor 3","NO_ORTHOLOG_IN_MAPPING"
"VEGF activation receptor","NO_ORTHOLOG_IN_MAPPING"
"HH activation receptor","NO_ORTHOLOG_IN_MAPPING"
"NGFR activation receptor","NO_ORTHOLOG_IN_MAPPING"
"TGFb inhibition receptor","NO_ORTHOLOG_IN_MAPPING"
"BMP inhibition receptor","NO_ORTHOLOG_IN_MAPPING"
"ACTIVIN inhibition receptor","NO_ORTHOLOG_IN_MAPPING"
"WNT inhibition receptor","NO_ORTHOLOG_IN_MAPPING"
"FGF inhibition receptor","NO_ORTHOLOG_IN_MAPPING"
"INSULIN inhibition receptor","NO_ORTHOLOG_IN_MAPPING"
"HH inhibition receptor","NO_ORTHOLOG_IN_MAPPING"
"ANGPT inhibition receptor 1","NO_ORTHOLOG_IN_MAPPING"
"ANGPT inhibition receptor 2","NO_ORTHOLOG_IN_MAPPING"
