"human_symbol","n_horse_genes","n_present","best_gene","best_expr","non_loc_gene","non_loc_expr","non_loc_is_best","all_genes"
"ABCC9",4,4,"LOC111772371",50,NA,NA,NA,"LOC111767402=41; LOC111767430=0; LOC111767477=1; LOC111772371=50"
"ACP4",2,2,"LOC102151000",701,"ACP4",262,FALSE,"ACP4=262; LOC102151000=701"
"ACSM5",3,3,"ACSM5",12001,"ACSM5",12001,TRUE,"ACSM5=12001; LOC111767539=5910; LOC111767540=1973"
"ADAMTS3",2,2,"LOC106782979",14454,NA,NA,NA,"LOC100050106=3173; LOC106782979=14454"
"ADAMTS6",3,3,"ADAMTS6",88752,"ADAMTS6",88752,TRUE,"ADAMTS6=88752; LOC111769719=0; LOC111771761=4"
"ADAR",2,2,"ADAR",53661,"ADAR",53661,TRUE,"ADAR=53661; LOC111773516=0"
"ADCK1",2,2,"ADCK1",12663,"ADCK1",12663,TRUE,"ADCK1=12663; LOC106782523=804"
"AEBP1",2,2,"AEBP1",1183,"AEBP1",1183,TRUE,"AEBP1=1183; LOC111773141=7"
"AIDA",2,2,"AIDA",102699,"AIDA",102699,TRUE,"AIDA=102699; LOC111772087=13"
"AKR7A2",2,2,"LOC100071914",662,NA,NA,NA,"LOC100071914=662; LOC106782800=57"
"AKR7A3",3,3,"LOC100146514",97,NA,NA,NA,"LOC100146514=97; LOC100146563=82; LOC111772018=6"
"ALDH4A1",4,4,"ALDH4A1",3343,"ALDH4A1",3343,TRUE,"ALDH4A1=3343; LOC111771736=0; LOC111772301=0; LOC111772327=7"
"ALK",3,3,"LOC111768129",22783,NA,NA,NA,"LOC100070891=2743; LOC111768010=1341; LOC111768129=22783"
"ANAPC1",3,3,"LOC111767487",86,"ANAPC1",17,FALSE,"ANAPC1=17; LOC111767487=86; LOC111768045=15"
"ANKEF1",2,2,"ANKEF1",15348,"ANKEF1",15348,TRUE,"ANKEF1=15348; LOC111767461=25"
"ANKFN1",2,2,"ANKFN1",30249,"ANKFN1",30249,TRUE,"ANKFN1=30249; LOC106782731=1715"
"ANO4",2,2,"ANO4",2500,"ANO4",2500,TRUE,"ANO4=2500; LOC111770996=64"
"ANP32E",2,2,"ANP32E",8861,"ANP32E",8861,TRUE,"ANP32E=8861; LOC111772300=21"
"AP3S1",2,2,"AP3S1",54520,"AP3S1",54520,TRUE,"AP3S1=54520; LOC111767843=1198"
"APLP2",3,3,"APLP2",7273,"APLP2",7273,TRUE,"APLP2=7273; LOC111767432=2125; LOC111771759=133"
"APOLTP",2,2,"LOC102148840",8867,NA,NA,NA,"LOC102148840=8867; LOC102148921=2833"
"APOOL",4,4,"APOOL",6276,"APOOL",6276,TRUE,"APOOL=6276; LOC111772179=0; LOC111772306=0; LOC111772316=0"
"AQP11",2,2,"AQP11",810,"AQP11",810,TRUE,"AQP11=810; LOC111774329=104"
"ARF6",2,2,"ARF6",1360,"ARF6",1360,TRUE,"ARF6=1360; LOC111769311=150"
"ARHGAP24",3,3,"ARHGAP24",135610,"ARHGAP24",135610,TRUE,"ARHGAP24=135610; LOC111767416=0; LOC111767498=0"
"ARHGEF4",4,4,"LOC111768857",3122,NA,NA,NA,"LOC100067370=29; LOC111768857=3122; LOC111768858=0; LOC111771929=17"
"ARID3A",2,2,"ARID3A",850,"ARID3A",850,TRUE,"ARID3A=850; LOC111774158=31"
"ARID4A",2,2,"ARID4A",67861,"ARID4A",67861,TRUE,"ARID4A=67861; LOC111772281=10"
"ARMC3",3,3,"ARMC3",37822,"ARMC3",37822,TRUE,"ARMC3=37822; LOC111771763=1; LOC111772260=0"
"ASAH1",3,3,"LOC111770931",5,"ASAH1",2,FALSE,"ASAH1=2; LOC111770931=5; LOC111770943=0"
"ASAP1",2,2,"ASAP1",156812,"ASAP1",156812,TRUE,"ASAP1=156812; LOC111775035=0"
"ASCL1",2,2,"LOC111771043",2473,"ASCL1",123,FALSE,"ASCL1=123; LOC111771043=2473"
"ASMTL",2,2,"LOC111771625",2573,NA,NA,NA,"LOC100629197=1511; LOC111771625=2573"
"ATOH8",3,3,"ATOH8",337,"ATOH8",337,TRUE,"ATOH8=337; LOC111771967=0; LOC111771993=0"
"BAG3",2,2,"BAG3",4283,"BAG3",4283,TRUE,"BAG3=4283; LOC106782030=14"
"BCL9L",2,2,"LOC100063146",2491,NA,NA,NA,"LOC100063146=2491; LOC111774226=323"
"BSX",2,2,"BSX",0,"BSX",0,TRUE,"BSX=0; LOC111774108=0"
"C16orf87",2,2,"C3H16orf87",56565,"C3H16orf87",56565,TRUE,"C3H16orf87=56565; LOC111772732=38438"
"C17orf58",2,2,"C11H17orf58",1240,"C11H17orf58",1240,TRUE,"C11H17orf58=1240; LOC111775548=163"
"C1QL3",3,3,"C1QL3",1,"C1QL3",1,TRUE,"C1QL3=1; LOC111771764=0; LOC111772277=0"
"C5orf52",3,3,"LOC111772202",35,NA,NA,NA,"LOC100630784=0; LOC111767425=5; LOC111772202=35"
"C8orf33",2,2,"C9H8orf33",37137,"C9H8orf33",37137,TRUE,"C9H8orf33=37137; LOC111775071=5295"
"CA13",2,2,"CA13",8008,"CA13",8008,TRUE,"CA13=8008; LOC111774898=952"
"CACNB1",2,2,"CACNB1",4370,"CACNB1",4370,TRUE,"CACNB1=4370; LOC102150940=1996"
"CACNG6",2,2,"CACNG6",76,"CACNG6",76,TRUE,"CACNG6=76; LOC111775140=0"
"CAPSL",3,3,"CAPSL",0,"CAPSL",0,TRUE,"CAPSL=0; LOC111767424=0; LOC111769804=0"
"CAPZA3",3,3,"CAPZA3",1,"CAPZA3",1,TRUE,"CAPZA3=1; LOC111773934=0; LOC111773936=0"
"CARNMT1",2,2,"CARNMT1",48687,"CARNMT1",48687,TRUE,"CARNMT1=48687; LOC106781547=3795"
"CBARP",2,2,"LOC111774427",610,"CBARP",5,FALSE,"CBARP=5; LOC111774427=610"
"CBX1",2,2,"CBX1",15370,"CBX1",15370,TRUE,"CBX1=15370; LOC111775656=0"
"CCDC34",2,2,"LOC106783444",26932,"CCDC34",23340,FALSE,"CCDC34=23340; LOC106783444=26932"
"CCDC93",2,2,"CCDC93",78029,"CCDC93",78029,TRUE,"CCDC93=78029; LOC106781940=22349"
"CCER1",2,2,"CCER1",972,"CCER1",972,TRUE,"CCER1=972; LOC106782719=879"
"CCL25",2,2,"LOC111774140",6735,"CCL25",28,FALSE,"CCL25=28; LOC111774140=6735"
"CCNG2",3,3,"LOC111772881",153,"CCNG2",4,FALSE,"CCNG2=4; LOC111767499=0; LOC111772881=153"
"CCPG1",3,3,"CCPG1",107,"CCPG1",107,TRUE,"CCPG1=107; LOC111767410=12; LOC111767693=71"
"CD200",2,2,"CD200",21371,"CD200",21371,TRUE,"CD200=21371; LOC111769099=2516"
"CDC73",2,2,"CDC73",142959,"CDC73",142959,TRUE,"CDC73=142959; LOC102149030=4447"
"CDHR3",2,2,"LOC106783036",11691,"CDHR3",1856,FALSE,"CDHR3=1856; LOC106783036=11691"
"CDK1",2,2,"CDK1",4801,"CDK1",4801,TRUE,"CDK1=4801; LOC102150134=113"
"CFAP47",2,2,"CFAP47",29834,"CFAP47",29834,TRUE,"CFAP47=29834; LOC111771655=48"
"CFAP54",3,3,"CFAP54",93229,"CFAP54",93229,TRUE,"CFAP54=93229; LOC111771894=0; LOC111772271=11"
"CGNL1",6,6,"LOC111767596",108948,"CGNL1",277,FALSE,"CGNL1=277; LOC111767596=108948; LOC111771791=0; LOC111772094=273; LOC111772095=38; LOC111772355=0"
"CHD9NB",2,2,"LOC106782973",2338,NA,NA,NA,"LOC106782973=2338; LOC111772751=115"
"CHGA",2,2,"CHGA",1,"CHGA",1,TRUE,"CHGA=1; LOC111770391=0"
"CHORDC1",3,3,"LOC111772144",191,NA,NA,NA,"LOC111772144=191; LOC111772152=0; LOC111774312=0"
"CLDN18",3,3,"LOC111767408",1,"CLDN18",0,FALSE,"CLDN18=0; LOC111767408=1; LOC111772209=1"
"CLGN",3,3,"LOC111772552",48,"CLGN",4,FALSE,"CLGN=4; LOC111772552=48; LOC111772553=0"
"CLK3",2,2,"CLK3",12278,"CLK3",12278,TRUE,"CLK3=12278; LOC102151025=312"
"CLMP",2,2,"CLMP",6134,"CLMP",6134,TRUE,"CLMP=6134; LOC111774236=67"
"CLTRN",2,2,"CLTRN",2682,"CLTRN",2682,TRUE,"CLTRN=2682; LOC111771638=312"
"CMAS",4,4,"LOC111767497",30,"CMAS",0,FALSE,"CMAS=0; LOC111767497=30; LOC111772031=0; LOC111772222=0"
"CNTNAP2",3,3,"LOC111773318",40700,"CNTNAP2",8775,FALSE,"CNTNAP2=8775; LOC111772211=0; LOC111773318=40700"
"COA1",2,2,"COA1",44879,"COA1",44879,TRUE,"COA1=44879; LOC111773138=390"
"COL5A2",2,2,"COL5A2",39825,"COL5A2",39825,TRUE,"COL5A2=39825; LOC102148143=32120"
"COLEC10",2,2,"LOC106780988",19666,"COLEC10",770,FALSE,"COLEC10=770; LOC106780988=19666"
"CPNE4",3,3,"CPNE4",29479,"CPNE4",29479,TRUE,"CPNE4=29479; LOC102149588=1368; LOC111768415=2161"
"CPPED1",4,4,"CPPED1",3023,"CPPED1",3023,TRUE,"CPPED1=3023; LOC111771832=440; LOC111772169=973; LOC111772263=7"
"CRTAM",2,2,"CRTAM",0,"CRTAM",0,TRUE,"CRTAM=0; LOC111767443=0"
"CSF2RA",2,2,"LOC102148014",926,NA,NA,NA,"LOC102148014=926; LOC111771626=25"
"CSK",2,2,"CSK",3220,"CSK",3220,TRUE,"CSK=3220; LOC111775325=4"
"CSRP3",2,2,"CSRP3",0,"CSRP3",0,TRUE,"CSRP3=0; LOC111771872=0"
"CTSH",3,3,"LOC111775628",2,"CTSH",1,FALSE,"CTSH=1; LOC111775628=2; LOC111775633=1"
"CTTN",2,2,"CTTN",127729,"CTTN",127729,TRUE,"CTTN=127729; LOC111775993=935"
"CTXN2",2,2,"LOC111767893",1,NA,NA,NA,"LOC100629943=0; LOC111767893=1"
"CXCR5",2,2,"LOC111774227",2,NA,NA,NA,"LOC111774227=2; LOC111774228=0"
"CXorf58",2,2,"CXHXorf58",10364,"CXHXorf58",10364,TRUE,"CXHXorf58=10364; LOC106781332=686"
"DCAF12L2",3,3,"DCAF12L2",5,"DCAF12L2",5,TRUE,"DCAF12L2=5; LOC100060012=0; LOC111771735=0"
"DEFB110",2,2,"LOC100630617",5,NA,NA,NA,"LOC100630617=5; LOC111769164=1"
"DEFB114",2,2,"LOC111769162",3,NA,NA,NA,"LOC111769162=3; LOC111769227=1"
"DEFB119",2,2,"DEFB119",15202,"DEFB119",15202,TRUE,"DEFB119=15202; DEFB121=2265"
"DENND1A",2,2,"DENND1A",126190,"DENND1A",126190,TRUE,"DENND1A=126190; LOC111770661=104113"
"DLC1",2,2,"DLC1",26276,"DLC1",26276,TRUE,"DLC1=26276; LOC106782658=14025"
"DMBT1",3,3,"DMBT1",920,"DMBT1",920,TRUE,"DMBT1=920; LOC100064515=7; LOC111772215=1"
"DMD",2,2,"DMD",219843,"DMD",219843,TRUE,"DMD=219843; LOC111771840=0"
"DMRTC1B",2,2,"DMRTC1B",0,"DMRTC1B",0,TRUE,"DMRTC1B=0; LOC111772363=0"
"DNAH17",2,2,"DNAH17",114653,"DNAH17",114653,TRUE,"DNAH17=114653; LOC111772299=2188"
"DNAJC5G",2,2,"DNAJC5G",3226,"DNAJC5G",3226,TRUE,"DNAJC5G=3226; LOC111768012=756"
"DNASE1",2,2,"DNASE1",1101,"DNASE1",1101,TRUE,"DNASE1=1101; LOC111767580=894"
"DPY19L3",2,2,"DPY19L3",144579,"DPY19L3",144579,TRUE,"DPY19L3=144579; LOC111775400=2"
"DTWD2",2,2,"DTWD2",42174,"DTWD2",42174,TRUE,"DTWD2=42174; LOC111767839=6810"
"DUSP18",4,4,"LOC100063545",2,NA,NA,NA,"LOC100063545=2; LOC111767426=0; LOC111774601=0; LOC111774603=0"
"DUT",2,2,"DUT",6,"DUT",6,TRUE,"DUT=6; LOC106782180=3"
"EAPP",4,4,"EAPP",12955,"EAPP",12955,TRUE,"EAPP=12955; LOC111769115=0; LOC111772021=36; LOC111772150=0"
"ECT2",2,2,"ECT2",30726,"ECT2",30726,TRUE,"ECT2=30726; LOC111769022=988"
"EFCAB3",3,3,"EFCAB3",245374,"EFCAB3",245374,TRUE,"EFCAB3=245374; LOC102147922=34; LOC111771722=3"
"EGFR",2,2,"EGFR",73613,"EGFR",73613,TRUE,"EGFR=73613; LOC111773151=0"
"EIF2S2",4,4,"LOC111767490",16,"EIF2S2",0,FALSE,"EIF2S2=0; LOC111767440=0; LOC111767490=16; LOC111772161=7"
"EIF5A",2,2,"EIF5A",3942,"EIF5A",3942,TRUE,"EIF5A=3942; LOC102151053=1297"
"ELL3",2,2,"LOC111768046",6676,"ELL3",899,FALSE,"ELL3=899; LOC111768046=6676"
"ENDOU",2,2,"ENDOU",687,"ENDOU",687,TRUE,"ENDOU=687; LOC106783324=142"
"ENG",2,2,"ENG",618,"ENG",618,TRUE,"ENG=618; LOC106782598=29"
"ENPP6",2,2,"ENPP6",2671,"ENPP6",2671,TRUE,"ENPP6=2671; LOC111772370=3"
"EPB41L4A",2,2,"EPB41L4A",40629,"EPB41L4A",40629,TRUE,"EPB41L4A=40629; LOC111767695=220"
"EPHA6",4,4,"EPHA6",154069,"EPHA6",154069,TRUE,"EPHA6=154069; LOC111771734=0; LOC111771787=0; LOC111771895=0"
"ERICH2",2,2,"ERICH2",8778,"ERICH2",8778,TRUE,"ERICH2=8778; LOC111768926=5287"
"EVA1A",4,4,"LOC111771720",28,"EVA1A",4,FALSE,"EVA1A=4; LOC111771720=28; LOC111771738=2; LOC111772311=1"
"EVX1",2,2,"LOC111773202",64,"EVX1",10,FALSE,"EVX1=10; LOC111773202=64"
"FAM168B",3,3,"FAM168B",40604,"FAM168B",40604,TRUE,"FAM168B=40604; LOC111771830=0; LOC111771930=7"
"FAT2",3,3,"FAT2",214,"FAT2",214,TRUE,"FAT2=214; LOC111767758=0; LOC111771886=0"
"FCHO2",2,2,"FCHO2",123948,"FCHO2",123948,TRUE,"FCHO2=123948; LOC111767923=13184"
"FFAR4",2,2,"FFAR4",2,"FFAR4",2,TRUE,"FFAR4=2; LOC111773841=2"
"FOXJ1",2,2,"FOXJ1",216,"FOXJ1",216,TRUE,"FOXJ1=216; LOC111775585=125"
"FOXN3",3,3,"FOXN3",240380,"FOXN3",240380,TRUE,"FOXN3=240380; LOC111770381=0; LOC111772126=0"
"FRMD4A",4,4,"FRMD4A",54518,"FRMD4A",54518,TRUE,"FRMD4A=54518; LOC111771238=7089; LOC111771754=110; LOC111772367=3"
"FRMPD4",2,2,"FRMPD4",30848,"FRMPD4",30848,TRUE,"FRMPD4=30848; LOC111771637=296"
"GABRG2",3,3,"GABRG2",20,"GABRG2",20,TRUE,"GABRG2=20; LOC111772157=1; LOC111772272=1"
"GAD2",2,2,"LOC111772328",62,"GAD2",27,FALSE,"GAD2=27; LOC111772328=62"
"GALNTL6",2,2,"LOC111772521",203,NA,NA,NA,"LOC106782832=188; LOC111772521=203"
"GALR3",3,3,"LOC111771084",2,NA,NA,NA,"LOC111771084=2; LOC111771137=0; LOC111772322=0"
"GAS6",2,2,"GAS6",14883,"GAS6",14883,TRUE,"GAS6=14883; LOC111771948=503"
"GCAT",3,3,"LOC111770995",5,"GCAT",0,FALSE,"GCAT=0; LOC111770995=5; LOC111771135=1"
"GCK",2,2,"LOC100051836",49,NA,NA,NA,"LOC100051836=49; LOC111773142=33"
"GDAP1",2,2,"GDAP1",2969,"GDAP1",2969,TRUE,"GDAP1=2969; LOC111774920=32"
"GDPD1",2,2,"GDPD1",24991,"GDPD1",24991,TRUE,"GDPD1=24991; LOC111775679=1649"
"GFM1",3,3,"GFM1",127921,"GFM1",127921,TRUE,"GFM1=127921; LOC102148956=4123; LOC111771985=450"
"GJD2",2,2,"LOC111771644",74,"GJD2",57,FALSE,"GJD2=57; LOC111771644=74"
"GLRA3",3,3,"GLRA3",1064,"GLRA3",1064,TRUE,"GLRA3=1064; LOC111770437=1; LOC111771916=0"
"GLYATL3",2,2,"GLYATL3",222,"GLYATL3",222,TRUE,"GLYATL3=222; LOC111769344=25"
"GML",2,2,"GML",467,"GML",467,TRUE,"GML=467; LOC111771807=0"
"GOLGA5",2,2,"LOC111767491",35,"GOLGA5",28,FALSE,"GOLGA5=28; LOC111767491=35"
"GPC5",2,2,"GPC5",85974,"GPC5",85974,TRUE,"GPC5=85974; LOC111772127=6"
"GPCPD1",3,3,"GPCPD1",36395,"GPCPD1",36395,TRUE,"GPCPD1=36395; LOC111770062=10; LOC111771751=7"
"GPR55",2,2,"GPR55",22053,"GPR55",22053,TRUE,"GPR55=22053; LOC111773858=3589"
"GPR65",2,2,"LOC106782546",4095,"GPR65",1433,FALSE,"GPR65=1433; LOC106782546=4095"
"GRIA1",3,3,"GRIA1",2789,"GRIA1",2789,TRUE,"GRIA1=2789; LOC111767940=17; LOC111771867=0"
"GRIA3",2,2,"GRIA3",95771,"GRIA3",95771,TRUE,"GRIA3=95771; LOC111771461=310"
"GRIFIN",2,2,"LOC111767624",33,"GRIFIN",0,FALSE,"GRIFIN=0; LOC111767624=33"
"GRINA",2,2,"GRINA",1115,"GRINA",1115,TRUE,"GRINA=1115; LOC111775058=1"
"GRK3",2,2,"LOC111767400",11873,"GRK3",382,FALSE,"GRK3=382; LOC111767400=11873"
"GTPBP6",2,2,"GTPBP6",1448,"GTPBP6",1448,TRUE,"GTPBP6=1448; LOC111771565=108"
"GUF1",2,2,"GUF1",12932,"GUF1",12932,TRUE,"GUF1=12932; LOC111772914=646"
"GZMM",2,2,"GZMM",182,"GZMM",182,TRUE,"GZMM=182; LOC111774150=22"
"H1-0",3,3,"H1-0",1,"H1-0",1,TRUE,"H1-0=1; LOC111770994=0; LOC111771136=0"
"HDGFL1",2,2,"HDGFL1",0,"HDGFL1",0,TRUE,"HDGFL1=0; LOC111769286=0"
"HEPH",2,2,"HEPH",91,"HEPH",91,TRUE,"HEPH=91; LOC111771500=31"
"HHIP",3,3,"HHIP",2707,"HHIP",2707,TRUE,"HHIP=2707; LOC111771740=0; LOC111772326=6"
"HIVEP2",2,2,"LOC102148065",141181,"HIVEP2",85150,FALSE,"HIVEP2=85150; LOC102148065=141181"
"HS3ST4",2,2,"LOC111767614",947396,NA,NA,NA,"LOC111767614=947396; LOC111767642=232"
"HSD17B12",2,2,"HSD17B12",213456,"HSD17B12",213456,TRUE,"HSD17B12=213456; LOC106781436=11627"
"HSP90AA1",2,2,"HSP90AA1",55055,"HSP90AA1",55055,TRUE,"HSP90AA1=55055; LOC102147696=29344"
"HSPA8",2,2,"HSPA8",947,"HSPA8",947,TRUE,"HSPA8=947; LOC111774237=4"
"IFT81",2,2,"IFT81",57377,"IFT81",57377,TRUE,"IFT81=57377; LOC111774656=4968"
"IK",4,4,"LOC111767788",349,NA,NA,NA,"LOC100072389=82; LOC111767784=203; LOC111767788=349; LOC111772174=11"
"IKZF2",2,2,"IKZF2",26453,"IKZF2",26453,TRUE,"IKZF2=26453; LOC111772296=1"
"IL15",2,2,"IL15",22913,"IL15",22913,TRUE,"IL15=22913; LOC102150877=19"
"IL1RL2",2,2,"IL1RL2",2880,"IL1RL2",2880,TRUE,"IL1RL2=2880; LOC111768026=44"
"IL26",2,2,"LOC111774027",104,"IL26",27,FALSE,"IL26=27; LOC111774027=104"
"IL33",2,2,"LOC106782495",8686,"IL33",1298,FALSE,"IL33=1298; LOC106782495=8686"
"IL3RA",2,2,"LOC106781070",200,NA,NA,NA,"LOC106781070=200; LOC111771652=9"
"IL7R",3,3,"IL7R",0,"IL7R",0,TRUE,"IL7R=0; LOC111769795=0; LOC111769802=0"
"IMMT",3,3,"IMMT",70313,"IMMT",70313,TRUE,"IMMT=70313; LOC111771970=0; LOC111771998=0"
"IMPA1",2,2,"IMPA1",36646,"IMPA1",36646,TRUE,"IMPA1=36646; LOC111774904=6951"
"INAVA",2,2,"INAVA",0,"INAVA",0,TRUE,"INAVA=0; LOC111772342=0"
"IPO9",2,2,"IPO9",98236,"IPO9",98236,TRUE,"IPO9=98236; LOC111771304=0"
"IQCM",2,2,"LOC111770477",48199,NA,NA,NA,"LOC111770477=48199; LOC111772538=40762"
"IRAG2",2,2,"LOC111773944",2354,"IRAG2",1239,FALSE,"IRAG2=1239; LOC111773944=2354"
"IRF5",2,2,"LOC111773249",219,"IRF5",92,FALSE,"IRF5=92; LOC111773249=219"
"ITGB7",2,2,"ITGB7",275,"ITGB7",275,TRUE,"ITGB7=275; LOC111774048=0"
"ITM2A",3,3,"LOC111771463",1,"ITM2A",0,FALSE,"ITM2A=0; LOC111767494=0; LOC111771463=1"
"ITPK1",2,2,"ITPK1",23041,"ITPK1",23041,TRUE,"ITPK1=23041; LOC111770385=967"
"JAKMIP3",2,2,"JAKMIP3",1879,"JAKMIP3",1879,TRUE,"JAKMIP3=1879; LOC111772664=132"
"JHY",2,2,"JHY",0,"JHY",0,TRUE,"JHY=0; LOC111767441=0"
"KBTBD11",2,2,"LOC111770964",14,"KBTBD11",0,FALSE,"KBTBD11=0; LOC111770964=14"
"KCNJ8",2,2,"KCNJ8",0,"KCNJ8",0,TRUE,"KCNJ8=0; LOC111772219=0"
"KHDRBS2",2,2,"KHDRBS2",18423,"KHDRBS2",18423,TRUE,"KHDRBS2=18423; LOC111769356=55"
"KIF21A",2,2,"KIF21A",270129,"KIF21A",270129,TRUE,"KIF21A=270129; LOC111773956=0"
"KIF21B",2,2,"KIF21B",1073,"KIF21B",1073,TRUE,"KIF21B=1073; LOC111771713=0"
"KLHL13",2,2,"KLHL13",59790,"KLHL13",59790,TRUE,"KLHL13=59790; LOC111771513=3546"
"KRTAP11-1",2,2,"KRTAP11-1",0,"KRTAP11-1",0,TRUE,"KRTAP11-1=0; LOC100064470=0"
"KRTAP7-1",2,2,"KRTAP7-1",0,"KRTAP7-1",0,TRUE,"KRTAP7-1=0; LOC100630522=0"
"KRTAP8-1",2,2,"KRTAP8-1",0,"KRTAP8-1",0,TRUE,"KRTAP8-1=0; LOC100064553=0"
"KSR2",3,3,"LOC100055035",8227,NA,NA,NA,"LOC100055035=8227; LOC111771813=6; LOC111774797=3784"
"LACTBL1",2,2,"LOC111772421",1430,"LACTBL1",145,FALSE,"LACTBL1=145; LOC111772421=1430"
"LDHA",2,2,"LDHA",2111,"LDHA",2111,TRUE,"LDHA=2111; LOC111774423=372"
"LIN9",2,2,"LIN9",52745,"LIN9",52745,TRUE,"LIN9=52745; LOC111772238=1"
"LINGO1",2,2,"LOC111775709",3772,"LINGO1",1339,FALSE,"LINGO1=1339; LOC111775709=3772"
"LINGO2",3,3,"LOC111770199",21729,"LINGO2",0,FALSE,"LINGO2=0; LOC111770199=21729; LOC111770201=23"
"LIPA",2,2,"LIPA",18359,"LIPA",18359,TRUE,"LIPA=18359; LOC111773909=4226"
"LIPC",2,2,"LOC111767595",2177,"LIPC",1100,FALSE,"LIPC=1100; LOC111767595=2177"
"LMNTD1",2,2,"LMNTD1",299246,"LMNTD1",299246,TRUE,"LMNTD1=299246; LOC111774044=221"
"LPAR1",2,2,"LPAR1",119006,"LPAR1",119006,TRUE,"LOC111770670=2523; LPAR1=119006"
"LPIN1",2,2,"LPIN1",139821,"LPIN1",139821,TRUE,"LOC106781765=0; LPIN1=139821"
"LRRC4C",2,2,"LRRC4C",69372,"LRRC4C",69372,TRUE,"LOC111776034=40886; LRRC4C=69372"
"LRRC61",3,3,"LOC106783110",1964,"LRRC61",1578,FALSE,"LOC106783110=1964; LRRC61=1578; ZBED10=1272"
"LRRC69",2,2,"LRRC69",37334,"LRRC69",37334,TRUE,"LOC102148653=0; LRRC69=37334"
"LUZP2",2,2,"LOC111774381",105498,NA,NA,NA,"LOC100072189=79304; LOC111774381=105498"
"LYSET",2,2,"LYSET",140,"LYSET",140,TRUE,"LOC111772187=0; LYSET=140"
"MACIR",3,3,"MACIR",18345,"MACIR",18345,TRUE,"LOC106781657=1645; LOC111767867=830; MACIR=18345"
"MALSU1",2,2,"MALSU1",26081,"MALSU1",26081,TRUE,"LOC106783070=3726; MALSU1=26081"
"MAP3K7CL",2,2,"LOC111770777",2890,"MAP3K7CL",1423,FALSE,"LOC111770777=2890; MAP3K7CL=1423"
"MAPK8IP2",2,2,"LOC111771098",19008,"MAPK8IP2",3605,FALSE,"LOC111771098=19008; MAPK8IP2=3605"
"MARK1",2,2,"MARK1",79350,"MARK1",79350,TRUE,"LOC111771358=9898; MARK1=79350"
"MAST4",4,4,"MAST4",914209,"MAST4",914209,TRUE,"LOC111771731=0; LOC111771757=0; LOC111771811=0; MAST4=914209"
"MBD5",2,2,"MBD5",245472,"MBD5",245472,TRUE,"LOC111768819=13894; MBD5=245472"
"MED6",2,2,"MED6",31334,"MED6",31334,TRUE,"LOC111771805=949; MED6=31334"
"MFSD1",2,2,"MFSD1",14206,"MFSD1",14206,TRUE,"LOC100052520=1; MFSD1=14206"
"MGAT4D",3,3,"MGAT4D",20331,"MGAT4D",20331,TRUE,"LOC111771808=86; LOC111772554=11; MGAT4D=20331"
"MIA3",2,2,"LOC100053461",28782,NA,NA,NA,"LOC100053461=28782; LOC111772088=236"
"MORF4L1",3,3,"MORF4L1",45,"MORF4L1",45,TRUE,"LOC111767506=0; LOC111775634=0; MORF4L1=45"
"MROH1",2,2,"MROH1",36742,"MROH1",36742,TRUE,"LOC106781020=351; MROH1=36742"
"MRPL1",4,4,"LOC111772880",15,"MRPL1",0,FALSE,"LOC111772382=0; LOC111772877=0; LOC111772880=15; MRPL1=0"
"MRPL44",4,4,"MRPL44",3,"MRPL44",3,TRUE,"LOC111771726=0; LOC111772275=2; LOC111773850=0; MRPL44=3"
"MRPS28",3,3,"MRPS28",1386,"MRPS28",1386,TRUE,"LOC111772243=1; LOC111774909=0; MRPS28=1386"
"MRTFA",2,2,"MRTFA",55000,"MRTFA",55000,TRUE,"LOC111771056=15182; MRTFA=55000"
"MRTO4",2,2,"MRTO4",1976,"MRTO4",1976,TRUE,"LOC111772017=0; MRTO4=1976"
"MSRB2",3,3,"LOC111772259",2,"MSRB2",0,FALSE,"LOC111771762=0; LOC111772259=2; MSRB2=0"
"MSTN",2,2,"LOC111768770",2184,"MSTN",637,FALSE,"LOC111768770=2184; MSTN=637"
"MUC4",2,2,"MUC4",216,"MUC4",216,TRUE,"LOC111769076=110; MUC4=216"
"MUCL1",2,2,"LOC111773997",1092,"MUCL1",115,FALSE,"LOC111773997=1092; MUCL1=115"
"MYEF2",2,2,"MYEF2",118,"MYEF2",118,TRUE,"LOC111767887=71; MYEF2=118"
"MYO18A",2,2,"MYO18A",102266,"MYO18A",102266,TRUE,"LOC111775706=1612; MYO18A=102266"
"MYO18B",6,6,"MYO18B",9879,"MYO18B",9879,TRUE,"LOC111771826=1; LOC111771829=1; LOC111771896=0; LOC111771897=6; LOC111771898=0; MYO18B=9879"
"MYO3A",3,3,"MYO3A",94924,"MYO3A",94924,TRUE,"LOC111767476=553; LOC111771804=80; MYO3A=94924"
"MYO5B",3,3,"MYO5B",67387,"MYO5B",67387,TRUE,"LOC111772147=2; LOC111774835=38913; MYO5B=67387"
"MYO7A",2,2,"MYO7A",23534,"MYO7A",23534,TRUE,"LOC111774331=3603; MYO7A=23534"
"MYZAP",4,4,"LOC111767409",2,NA,NA,NA,"LOC100068476=0; LOC111767409=2; LOC111772091=0; LOC111772352=0"
"N4BP1",2,2,"N4BP1",32685,"N4BP1",32685,TRUE,"LOC111771748=0; N4BP1=32685"
"NAALAD2",4,4,"LOC111771951",13407,NA,NA,NA,"LOC111771951=13407; LOC111772143=7458; LOC111774314=349; LOC111774315=36"
"NAALADL2",2,2,"NAALADL2",206581,"NAALADL2",206581,TRUE,"LOC111768968=94722; NAALADL2=206581"
"NBEAL1",2,2,"NBEAL1",171144,"NBEAL1",171144,TRUE,"LOC111771766=18; NBEAL1=171144"
"NDUFA2",3,3,"LOC111767785",0,NA,NA,NA,"LOC111767785=0; LOC111767790=0; LOC111772123=0"
"NELL1",2,2,"NELL1",24855,"NELL1",24855,TRUE,"LOC111772321=0; NELL1=24855"
"NFE2L2",2,2,"NFE2L2",41670,"NFE2L2",41670,TRUE,"LOC111768752=11333; NFE2L2=41670"
"NGDN",2,2,"NGDN",26211,"NGDN",26211,TRUE,"LOC102150282=22371; NGDN=26211"
"NICOL1",2,2,"LOC111772985",65,"NICOL1",2,FALSE,"LOC111772985=65; NICOL1=2"
"NKTR",2,2,"NKTR",143750,"NKTR",143750,TRUE,"LOC111767481=871; NKTR=143750"
"NOTUM",2,2,"NOTUM",265,"NOTUM",265,TRUE,"LOC111775557=52; NOTUM=265"
"NPAS3",2,2,"NPAS3",583818,"NPAS3",583818,TRUE,"LOC111769100=0; NPAS3=583818"
"NRBP1",2,2,"NRBP1",21882,"NRBP1",21882,TRUE,"LOC102149804=5674; NRBP1=21882"
"NRG3",2,2,"LOC111775013",26237,"NRG3",113,FALSE,"LOC111775013=26237; NRG3=113"
"NT5E",2,2,"NT5E",28425,"NT5E",28425,TRUE,"LOC111775308=4448; NT5E=28425"
"NUP214",2,2,"NUP214",68547,"NUP214",68547,TRUE,"LOC111767496=1090; NUP214=68547"
"OAS1",2,2,"OAS1",1970,"OAS1",1970,TRUE,"LOC111772139=1; OAS1=1970"
"OSBP",3,3,"OSBP",11932,"OSBP",11932,TRUE,"LOC111775941=9632; LOC111775942=893; OSBP=11932"
"OXR1",4,4,"OXR1",48385,"OXR1",48385,TRUE,"LOC111772101=352; LOC111772246=117; LOC111775000=6051; OXR1=48385"
"P2RX6",2,2,"LOC111774791",4221,"P2RX6",49,FALSE,"LOC111774791=4221; P2RX6=49"
"PAICS",2,2,"PAICS",24541,"PAICS",24541,TRUE,"LOC111772904=3975; PAICS=24541"
"PAK1",2,2,"PAK1",37447,"PAK1",37447,TRUE,"LOC111774330=0; PAK1=37447"
"PALM2AKAP2",2,2,"PALM2AKAP2",20998,"PALM2AKAP2",20998,TRUE,"LOC111771769=0; PALM2AKAP2=20998"
"PARD6G",2,2,"PARD6G",11874,"PARD6G",11874,TRUE,"LOC111774779=2681; PARD6G=11874"
"PARP10",2,2,"PARP10A",2644,"PARP10A",2644,TRUE,"LOC102150439=780; PARP10A=2644"
"PCDHA3",4,4,"LOC100072343",95612,NA,NA,NA,"LOC100072343=95612; LOC100629863=5964; LOC100629896=1338; LOC106780908=7761"
"PCM1",3,3,"PCM1",193848,"PCM1",193848,TRUE,"LOC111770942=10; LOC111771850=402; PCM1=193848"
"PCSK4",2,2,"PCSK4",3552,"PCSK4",3552,TRUE,"LOC111774433=170; PCSK4=3552"
"PDE6C",2,2,"PDE6C",148,"PDE6C",148,TRUE,"LOC111774416=4; PDE6C=148"
"PDHX",2,2,"PDHX",47888,"PDHX",47888,TRUE,"LOC102149165=301; PDHX=47888"
"PGLYRP2",2,2,"PGLYRP2",6,"PGLYRP2",6,TRUE,"LOC111769607=0; PGLYRP2=6"
"PHACTR1",4,4,"PHACTR1",209210,"PHACTR1",209210,TRUE,"LOC100051555=240; LOC111771934=53; LOC111772297=140; PHACTR1=209210"
"PHOSPHO2",2,2,"PHOSPHO2",2258,"PHOSPHO2",2258,TRUE,"LOC106781950=1363; PHOSPHO2=2258"
"PIERCE2",3,3,"LOC106782155",0,"PIERCE2",0,FALSE,"LOC106782155=0; LOC111771942=0; PIERCE2=0"
"PIGB",3,3,"PIGB",19481,"PIGB",19481,TRUE,"LOC111771828=93; LOC111771941=32; PIGB=19481"
"PIGU",2,2,"PIGU",38161,"PIGU",38161,TRUE,"LOC111769996=7144; PIGU=38161"
"PITHD1",2,2,"PITHD1",2755,"PITHD1",2755,TRUE,"LOC111772417=13; PITHD1=2755"
"PKN3",2,2,"PKN3",5146,"PKN3",5146,TRUE,"LOC111772273=2; PKN3=5146"
"PLCZ1",3,3,"PLCZ1",28,"PLCZ1",28,TRUE,"LOC111767502=1; LOC111773933=19; PLCZ1=28"
"PLIN2",2,2,"LOC106782469",58941,"PLIN2",12582,FALSE,"LOC106782469=58941; PLIN2=12582"
"PNKD",2,2,"PNKD",8766,"PNKD",8766,TRUE,"LOC106780846=895; PNKD=8766"
"POF1B",4,4,"POF1B",2,"POF1B",2,TRUE,"LOC111771820=1; LOC111772178=0; LOC111772308=0; POF1B=2"
"POLR1D",2,2,"LOC111768554",55335,"POLR1D",1050,FALSE,"LOC111768554=55335; POLR1D=1050"
"POLR2M",4,4,"LOC100630725",0,NA,NA,NA,"LOC100630725=0; LOC111771789=0; LOC111772092=0; LOC111772353=0"
"POU5F1",2,2,"POU5F1",9250,"POU5F1",9250,TRUE,"LOC111769188=0; POU5F1=9250"
"POU6F2",2,2,"POU6F2",2305,"POU6F2",2305,TRUE,"LOC111773306=5; POU6F2=2305"
"PPWD1",4,4,"LOC111769717",602,"PPWD1",0,FALSE,"LOC111767488=0; LOC111769717=602; LOC111772290=5; PPWD1=0"
"PRSS2",2,2,"LOC100055297",4,NA,NA,NA,"LOC100055297=4; LOC111773305=1"
"PRSS48",3,3,"PRSS48",637,"PRSS48",637,TRUE,"LOC102150760=14; LOC111772536=8; PRSS48=637"
"PSMC6",2,2,"PSMC6",30269,"PSMC6",30269,TRUE,"LOC111770279=3531; PSMC6=30269"
"PTCD3",3,3,"PTCD3",39,"PTCD3",39,TRUE,"LOC111771969=3; LOC111771997=1; PTCD3=39"
"PTCHD4",3,3,"PTCHD4",3226,"PTCHD4",3226,TRUE,"LOC111772347=0; LOC111772389=0; PTCHD4=3226"
"PTER",3,3,"PTER",2342,"PTER",2342,TRUE,"LOC111771765=0; LOC111772278=0; PTER=2342"
"PTGER2",2,2,"PTGER2",24,"PTGER2",24,TRUE,"LOC111769596=1; PTGER2=24"
"PTPRD",3,3,"PTPRD",249688,"PTPRD",249688,TRUE,"LOC111770170=1999; LOC111770171=4150; PTPRD=249688"
"PXDNL",2,2,"PXDNL",19928,"PXDNL",19928,TRUE,"LOC111774961=1310; PXDNL=19928"
"QTMAN",2,2,"GTDC1",308407,"GTDC1",308407,TRUE,"GTDC1=308407; LOC111768816=3252"
"RAB1A",3,3,"RAB1A",53652,"RAB1A",53652,TRUE,"LOC111768081=39042; LOC111768082=125; RAB1A=53652"
"RAB4A",2,2,"RAB4A",44169,"RAB4A",44169,TRUE,"LOC102150328=327; RAB4A=44169"
"RAD21",2,2,"RAD21",45879,"RAD21",45879,TRUE,"LOC111775006=1340; RAD21=45879"
"RAD23B",3,3,"LOC111767493",127,"RAD23B",65,FALSE,"LOC111767493=127; LOC111772206=29; RAD23B=65"
"RALB",2,2,"RALB",46245,"RALB",46245,TRUE,"LOC111768875=2382; RALB=46245"
"RALY",4,4,"RALY",30274,"RALY",30274,TRUE,"LOC111769994=1; LOC111771889=0; LOC111772162=0; RALY=30274"
"RAP1B",2,2,"RAP1B",21047,"RAP1B",21047,TRUE,"LOC111774031=1332; RAP1B=21047"
"RAPGEF4",2,2,"RAPGEF4",20742,"RAPGEF4",20742,TRUE,"LOC111768738=0; RAPGEF4=20742"
"RAPGEF5",2,2,"RAPGEF5",207381,"RAPGEF5",207381,TRUE,"LOC111773192=17395; RAPGEF5=207381"
"RARRES1",2,2,"LOC111771987",466,NA,NA,NA,"LOC100055750=247; LOC111771987=466"
"RASGEF1B",2,2,"RASGEF1B",29905,"RASGEF1B",29905,TRUE,"LOC102149438=22827; RASGEF1B=29905"
"RBP1",2,2,"RBP1",6962,"RBP1",6962,TRUE,"LOC111771884=2; RBP1=6962"
"RBP4",2,2,"LOC111773844",0,"RBP4",0,FALSE,"LOC111773844=0; RBP4=0"
"RCE1",2,2,"TOP6BL",58546,"RCE1",1561,FALSE,"RCE1=1561; TOP6BL=58546"
"RERE",2,2,"RERE",627184,"RERE",627184,TRUE,"LOC111772460=0; RERE=627184"
"RHOF",2,2,"LOC102147544",9999,"RHOF",1597,FALSE,"LOC102147544=9999; RHOF=1597"
"RHOV",2,2,"LOC111775570",615,"RHOV",282,FALSE,"LOC111775570=615; RHOV=282"
"RIMS1",2,2,"LOC106782290",166430,"RIMS1",153669,FALSE,"LOC106782290=166430; RIMS1=153669"
"RIOK2",2,2,"RIOK2",35016,"RIOK2",35016,TRUE,"LOC111767960=223; RIOK2=35016"
"RIOX2",2,2,"RIOX2",6732,"RIOX2",6732,TRUE,"LOC111767495=57; RIOX2=6732"
"RIPOR1",2,2,"RIPOR1",13887,"RIPOR1",13887,TRUE,"LOC111773014=2527; RIPOR1=13887"
"RNF38",2,2,"RNF38",96552,"RNF38",96552,TRUE,"LOC111767480=33607; RNF38=96552"
"RP1",2,2,"LOC106780977",8727,NA,NA,NA,"LOC100053179=8267; LOC106780977=8727"
"RPL11",2,2,"RPL11",33,"RPL11",33,TRUE,"LOC111772418=4; RPL11=33"
"RPS4X",2,2,"RPS4X",2206,"RPS4X",2206,TRUE,"LOC111771821=5; RPS4X=2206"
"RRP15",2,2,"LOC111771317",0,"RRP15",0,FALSE,"LOC111771317=0; RRP15=0"
"SATL1",4,4,"LOC111772309",28,"SATL1",0,FALSE,"LOC100072329=0; LOC111772180=0; LOC111772309=28; SATL1=0"
"SCAF8",2,2,"SCAF8",120826,"SCAF8",120826,TRUE,"LOC111771398=2835; SCAF8=120826"
"SCIN",2,2,"SCIN",4196,"SCIN",4196,TRUE,"LOC111773179=0; SCIN=4196"
"SCRG1",2,2,"SCRG1",1486,"SCRG1",1486,TRUE,"LOC111772520=323; SCRG1=1486"
"SCRT1",2,2,"LOC111775063",15,NA,NA,NA,"LOC111775062=1; LOC111775063=15"
"SEL1L3",2,2,"SEL1L3",33392,"SEL1L3",33392,TRUE,"LOC111772938=81; SEL1L3=33392"
"SERPINE2",4,4,"SERPINE2",6,"SERPINE2",6,TRUE,"LOC111767415=0; LOC111767501=0; LOC111771777=2; SERPINE2=6"
"SETD4",2,2,"LOC111770802",31452,"SETD4",24542,FALSE,"LOC111770802=31452; SETD4=24542"
"SETMAR",2,2,"LOC100059905",1244,NA,NA,NA,"LOC100059905=1244; LOC111768301=286"
"SF3B2",2,2,"SF3B2",29985,"SF3B2",29985,TRUE,"LOC111775975=133; SF3B2=29985"
"SH2D6",3,3,"SH2D6",789,"SH2D6",789,TRUE,"LOC106781725=446; LOC111768053=217; SH2D6=789"
"SHOC1",3,3,"LOC111770568",44110,"SHOC1",31263,FALSE,"LOC111770567=4475; LOC111770568=44110; SHOC1=31263"
"SLAMF9",2,2,"LOC100057986",155,"SLAMF9",97,FALSE,"LOC100057986=155; SLAMF9=97"
"SLC12A1",2,2,"LOC111767871",4,"SLC12A1",3,FALSE,"LOC111767871=4; SLC12A1=3"
"SLC16A7",3,3,"SLC16A7",6886,"SLC16A7",6886,TRUE,"LOC111772303=1; LOC111774016=3; SLC16A7=6886"
"SLC24A5",2,2,"LOC111767897",2,"SLC24A5",2,FALSE,"LOC111767897=2; SLC24A5=2"
"SLC25A40",2,2,"SLC25A40",79431,"SLC25A40",79431,TRUE,"LOC111773158=22505; SLC25A40=79431"
"SLC36A1",3,3,"SLC36A1",20,"SLC36A1",20,TRUE,"LOC111767478=0; LOC111767486=0; SLC36A1=20"
"SLC5A6",2,2,"SLC5A6",2768,"SLC5A6",2768,TRUE,"LOC102150810=1; SLC5A6=2768"
"SLC5A7",2,2,"SLC5A7",1811,"SLC5A7",1811,TRUE,"LOC100061431=379; SLC5A7=1811"
"SLC66A2",2,2,"SLC66A2",9787,"SLC66A2",9787,TRUE,"LOC111774778=1544; SLC66A2=9787"
"SLCO1B3",3,3,"SLCO1B3",220,"SLCO1B3",220,TRUE,"LOC111771841=0; LOC111772051=0; SLCO1B3=220"
"SLCO1C1",4,4,"SLCO1C1",2859,"SLCO1C1",2859,TRUE,"LOC111771842=1; LOC111772052=1; LOC111773939=21; SLCO1C1=2859"
"SLMAP",2,2,"SLMAP",235961,"SLMAP",235961,TRUE,"LOC111768320=67; SLMAP=235961"
"SMC2",3,3,"LOC111767492",5,"SMC2",0,FALSE,"LOC111767492=5; LOC111771822=0; SMC2=0"
"SMIM41",2,2,"LOC106783309",422,NA,NA,NA,"LOC106783309=422; LOC111773986=353"
"SNX11",2,2,"SNX11",6148,"SNX11",6148,TRUE,"LOC111775657=174; SNX11=6148"
"SNX12",2,2,"SNX12",5341,"SNX12",5341,TRUE,"LOC102150515=3900; SNX12=5341"
"SNX14",2,2,"SNX14",9,"SNX14",9,TRUE,"LOC111775306=0; SNX14=9"
"SPATA31F1",2,2,"LOC106782502",3154,NA,NA,NA,"LOC100060718=1916; LOC106782502=3154"
"SPCS1",2,2,"LOC111768326",4896,"SPCS1",1636,FALSE,"LOC111768326=4896; SPCS1=1636"
"SPEF2",5,5,"SPEF2",146794,"SPEF2",146794,TRUE,"LOC111769796=3; LOC111769798=13; LOC111772103=19; LOC111772104=0; SPEF2=146794"
"SSC4D",2,2,"SSC4D",3407,"SSC4D",3407,TRUE,"LOC111767631=509; SSC4D=3407"
"ST3GAL5",3,3,"ST3GAL5",19,"ST3GAL5",19,TRUE,"LOC111771968=1; LOC111771995=0; ST3GAL5=19"
"ST8SIA1",3,3,"LOC111772374",38,NA,NA,NA,"LOC111772030=5; LOC111772221=0; LOC111772374=38"
"STARD13",2,2,"STARD13",66890,"STARD13",66890,TRUE,"LOC111768563=2092; STARD13=66890"
"STX4",2,2,"STX4",3055,"STX4",3055,TRUE,"LOC106781540=523; STX4=3055"
"SUSD2",2,2,"LOC111774583",670,"SUSD2",190,FALSE,"LOC111774583=670; SUSD2=190"
"SV2B",2,2,"SV2B",3584,"SV2B",3584,TRUE,"LOC111771845=50; SV2B=3584"
"SYNCRIP",2,2,"LOC111767505",1342,"SYNCRIP",2,FALSE,"LOC111767505=1342; SYNCRIP=2"
"SYNJ2",2,2,"SYNJ2",11684,"SYNJ2",11684,TRUE,"LOC111771415=197; SYNJ2=11684"
"SYT1",2,2,"SYT1",14056,"SYT1",14056,TRUE,"LOC111771130=5; SYT1=14056"
"SYT16",2,2,"SYT16",34364,"SYT16",34364,TRUE,"LOC106782508=0; SYT16=34364"
"TACC2",2,2,"TACC2",73572,"TACC2",73572,TRUE,"LOC111772912=651; TACC2=73572"
"TAF9",2,2,"AK6",20058,"TAF9",5111,FALSE,"AK6=20058; TAF9=5111"
"TAGAP",2,2,"LOC106782921",51261,"TAGAP",6371,FALSE,"LOC106782921=51261; TAGAP=6371"
"TAS1R2",4,4,"LOC111772302",3,"TAS1R2",0,FALSE,"LOC100913083=0; LOC111771737=0; LOC111772302=3; TAS1R2=0"
"TCERG1L",2,2,"LOC100051859",1182,"TCERG1L",493,FALSE,"LOC100051859=1182; TCERG1L=493"
"TECPR1",2,2,"TECPR1",10904,"TECPR1",10904,TRUE,"LOC102149504=2417; TECPR1=10904"
"TENM4",2,2,"TENM4",284660,"TENM4",284660,TRUE,"LOC111774468=7142; TENM4=284660"
"TFAM",2,2,"TFAM",17646,"TFAM",17646,TRUE,"LOC111773973=3419; TFAM=17646"
"TFF2",2,2,"LOC111770832",8,"TFF2",3,FALSE,"LOC111770832=8; TFF2=3"
"TGFB2",2,2,"TGFB2",367,"TGFB2",367,TRUE,"LOC111771316=100; TGFB2=367"
"THAP7",2,2,"LOC100147447",808,"THAP7",219,FALSE,"LOC100147447=808; THAP7=219"
"THSD7B",2,2,"LOC111768890",189784,"THSD7B",103567,FALSE,"LOC111768890=189784; THSD7B=103567"
"TLR4",2,2,"LOC111771935",0,"TLR4",0,FALSE,"LOC111771935=0; TLR4=0"
"TMCC3",2,2,"TMCC3",184119,"TMCC3",184119,TRUE,"LOC111771103=0; TMCC3=184119"
"TMCO5A",2,2,"LOC111768329",4,"TMCO5A",1,FALSE,"LOC111768329=4; TMCO5A=1"
"TMCO6",4,4,"TMCO6",32,"TMCO6",32,TRUE,"LOC111767403=0; LOC111767404=2; LOC111767789=0; TMCO6=32"
"TMEM132D",2,2,"LOC111774686",10289,"TMEM132D",243,FALSE,"LOC111774686=10289; TMEM132D=243"
"TMEM144",2,2,"TMEM144",1417,"TMEM144",1417,TRUE,"LOC111770359=18; TMEM144=1417"
"TMEM178A",2,2,"TMEM178A",1590,"TMEM178A",1590,TRUE,"LOC111768119=518; TMEM178A=1590"
"TMEM232",3,3,"TMEM232",11874,"TMEM232",11874,TRUE,"LOC111767856=0; LOC111771801=1; TMEM232=11874"
"TMEM242",2,2,"TMEM242",72419,"TMEM242",72419,TRUE,"LOC100050462=0; TMEM242=72419"
"TMEM273",2,2,"TMEM273",12019,"TMEM273",12019,TRUE,"LOC106782181=97; TMEM273=12019"
"TMEM278",2,2,"TMEM88B",171,"TMEM88B",171,TRUE,"LOC111772479=37; TMEM88B=171"
"TNN",2,2,"TNN",29414,"TNN",29414,TRUE,"LOC106783138=0; TNN=29414"
"TOMM6",2,2,"TOMM6",4596,"TOMM6",4596,TRUE,"LOC111769326=1619; TOMM6=4596"
"TOX3",3,3,"LOC111772249",5,NA,NA,NA,"LOC111772249=5; LOC111772749=0; LOC111772750=0"
"TPD52",3,3,"LOC111767503",29783,NA,NA,NA,"LOC100058422=45; LOC111767442=34; LOC111767503=29783"
"TRIM23",4,4,"LOC111769713",97,"TRIM23",3,FALSE,"LOC111769713=97; LOC111769716=42; LOC111772291=0; TRIM23=3"
"TRIOBP",5,5,"TRIOBP",159,"TRIOBP",159,TRUE,"LOC111767399=1; LOC111771000=1; LOC111771128=0; LOC111772324=0; TRIOBP=159"
"TSHR",3,3,"LOC111772111",11,"TSHR",0,FALSE,"LOC111770367=0; LOC111772111=11; TSHR=0"
"TSPAN12",2,2,"TSPAN12",2466,"TSPAN12",2466,TRUE,"LOC111773229=92; TSPAN12=2466"
"TTLL9",2,2,"TTLL9",10550,"TTLL9",10550,TRUE,"LOC111769977=212; TTLL9=10550"
"UBASH3B",2,2,"UBASH3B",4740,"UBASH3B",4740,TRUE,"LOC111774145=57; UBASH3B=4740"
"UBL4B",2,2,"LOC106783221",774,"UBL4B",309,FALSE,"LOC106783221=774; UBL4B=309"
"UNC5C",2,2,"UNC5C",26611,"UNC5C",26611,TRUE,"LOC111772849=4; UNC5C=26611"
"UPRT",2,2,"UPRT",10521,"UPRT",10521,TRUE,"LOC111771585=9642; UPRT=10521"
"USP11",2,2,"USP11",47723,"USP11",47723,TRUE,"LOC111771613=0; USP11=47723"
"UXT",2,2,"UXT",1110,"UXT",1110,TRUE,"LOC111771614=1010; UXT=1110"
"VCAM1",2,2,"LOC111773572",12283,"VCAM1",7765,FALSE,"LOC111773572=12283; VCAM1=7765"
"VDAC1",2,2,"VDAC1",8953,"VDAC1",8953,TRUE,"LOC111767812=1031; VDAC1=8953"
"VGLL2",2,2,"VGLL2",176,"VGLL2",176,TRUE,"LOC102150549=31; VGLL2=176"
"VMA21",2,2,"VMA21",1,"VMA21",1,TRUE,"LOC100629715=0; VMA21=1"
"VPS35L",3,3,"VPS35L",23670,"VPS35L",23670,TRUE,"LOC111767545=23; LOC111772319=9; VPS35L=23670"
"VSX1",2,2,"LOC102150786",58,NA,NA,NA,"LOC102150786=58; LOC111770061=1"
"WDFY1",3,3,"LOC111771776",27,"WDFY1",13,FALSE,"LOC111767500=0; LOC111771776=27; WDFY1=13"
"WDR37",2,2,"WDR37",115382,"WDR37",115382,TRUE,"LOC111771202=1228; WDR37=115382"
"WDR5",2,2,"WDR5",10027,"WDR5",10027,TRUE,"LOC102149835=249; WDR5=10027"
"WFDC1",2,2,"WFDC1",7358,"WFDC1",7358,TRUE,"LOC111772804=510; WFDC1=7358"
"XIRP2",2,2,"LOC111768849",48207,"XIRP2",7253,FALSE,"LOC111768849=48207; XIRP2=7253"
"YY1",2,2,"YY1",79957,"YY1",79957,TRUE,"LOC111770412=0; YY1=79957"
"ZDHHC13",4,4,"LOC111774376",3742,"ZDHHC13",190,FALSE,"LOC111767412=163; LOC111771809=0; LOC111774376=3742; ZDHHC13=190"
"ZFHX3",2,2,"ZFHX3",285218,"ZFHX3",285218,TRUE,"LOC106782959=164504; ZFHX3=285218"
"ZFPM2",2,2,"ZFPM2",160186,"ZFPM2",160186,TRUE,"LOC111774999=6309; ZFPM2=160186"
"ZMYM6",2,2,"ZMYM6",77178,"ZMYM6",77178,TRUE,"LOC102148151=0; ZMYM6=77178"
"ZNF280B",2,2,"LOC102148396",19637,"ZNF280B",12891,FALSE,"LOC102148396=19637; ZNF280B=12891"
"ZNF292",2,2,"ZNF292",137826,"ZNF292",137826,TRUE,"LOC111775311=357; ZNF292=137826"
"ZNF404",4,4,"ZNF404",4552,"ZNF404",4552,TRUE,"LOC111771785=20; LOC111772366=23; LOC111775209=1393; ZNF404=4552"
"ZNF529",2,2,"LOC100060985",47771,NA,NA,NA,"LOC100060985=47771; LOC111775403=16293"
"ZNF658",2,2,"LOC100060075",12004,NA,NA,NA,"LOC100060075=12004; LOC111771910=48"
"ZNF674",2,2,"ZNF674",4373,"ZNF674",4373,TRUE,"LOC100060244=1444; ZNF674=4373"
"ZNF706",2,2,"ZNF706",10496,"ZNF706",10496,TRUE,"LOC111774990=133; ZNF706=10496"
"ZNF711",4,4,"LOC111772307",2,"ZNF711",1,FALSE,"LOC111771819=0; LOC111772177=1; LOC111772307=2; ZNF711=1"
"ZNF75A",2,2,"ZNF75A",79048,"ZNF75A",79048,TRUE,"LOC111767582=0; ZNF75A=79048"
"ZNF75D",2,2,"LOC111771447",133,NA,NA,NA,"LOC100063485=44; LOC111771447=133"
"ZXDB",2,2,"ZXDB",592,"ZXDB",592,TRUE,"LOC111771718=0; ZXDB=592"
