"celltype","pathway","cluster","dataset","weight"
"Endothelial","ADGRL","C4","crypto",0.002555205613008
"Endothelial","APP","C4","crypto",0.000437150848029163
"Endothelial","CD45","C4","crypto",0.000342252230251597
"Endothelial","EPHA","C2","healthy",0.000126991636335834
"Endothelial","RELN","C2","healthy",7.77226392125187e-05
"Endothelial","SEMA3","C4","healthy",0.000199530570317929
"Endothelial","SEMA6","C2","healthy",6.38745499402081e-05
"Fibroblast","ADGRL","C4","crypto",0.0143349326693341
"Fibroblast","CADM","C2","crypto",0.00220877093955233
"Fibroblast","COLLAGEN","C4","crypto",0.00015574524108078
"Fibroblast","COLLAGEN","C4","healthy",0.00105395951775499
"Fibroblast","Cholesterol","C1","crypto",4.83722812163447e-05
"Fibroblast","EPHA","C2","crypto",0.000576269731911089
"Fibroblast","EPHA","C2","healthy",0.000275833723393066
"Fibroblast","IGF","C4","crypto",0.00398242945762499
"Fibroblast","IGF","C4","healthy",0.00132076442005205
"Fibroblast","LAMININ","C4","crypto",0.00509163851136206
"Fibroblast","LAMININ","C4","healthy",0.0045700490607255
"Fibroblast","NOTCH","C2","crypto",1.01878969272071e-05
"Fibroblast","NRG","C4","crypto",3.64990278447096e-05
"Fibroblast","NRXN","C4","crypto",0.000428694108398883
"Fibroblast","PDGF","C4","crypto",0.00185026906302148
"Fibroblast","PDGF","C4","healthy",0.000340678641893572
"Fibroblast","PTN","C1","crypto",3.88481422180126e-05
"Fibroblast","PTPRM","C4","crypto",0.00204634096508205
"Fibroblast","PTPRM","C4","healthy",0.00458512217927341
"Fibroblast","SLIT","C2","crypto",8.59531899001256e-05
"Leydig","ADGRL","C4","crypto",0.00144075291303378
"Leydig","ADGRL","C4","healthy",0.0519304221159664
"Leydig","APP","C2","healthy",0.00388221149309896
"Leydig","Androstenedione","C1","healthy",0.00456943917500064
"Leydig","Androstenedione","C4","crypto",8.84352236054786e-05
"Leydig","BMP","C1","healthy",0.0060914836544109
"Leydig","CNTN","C4","healthy",0.000129064567484424
"Leydig","COLLAGEN","C4","crypto",0.000293961777757001
"Leydig","COLLAGEN","C4","healthy",0.0213023184231987
"Leydig","Cholesterol","C1","crypto",0.000604888076813706
"Leydig","Cholesterol","C1","healthy",0.0198688310322166
"Leydig","Cort","C1","healthy",0.00169046177433303
"Leydig","EGF","C1","healthy",0.00167650901092991
"Leydig","Estradiol","C4","healthy",0.00527943491169169
"Leydig","FGF","C4","healthy",0.00022424278629266
"Leydig","IGF","C4","crypto",4.4314830418458e-05
"Leydig","IGF","C4","healthy",0.00458751644813923
"Leydig","LAMININ","C4","crypto",0.00208202901730977
"Leydig","LAMININ","C4","healthy",0.0286279664742978
"Leydig","NRG","C4","healthy",0.0174584812526315
"Leydig","PTN","C1","crypto",0.000335219062152962
"Leydig","PTPR","C2","healthy",0.000863142307344902
"Leydig","TENASCIN","C4","healthy",0.000647668839337776
"Leydig","Testosterone","C4","healthy",0.00664533829387667
"Leydig","VCAM","C4","healthy",6.53554467077612e-05
"Myoid","ADGRL","C4","crypto",0.00253679697326366
"Myoid","ADGRL","C4","healthy",0.00360830084181215
"Myoid","COLLAGEN","C4","crypto",0.000873913234412671
"Myoid","COLLAGEN","C4","healthy",0.0118336026568387
"Myoid","Cholesterol","C1","healthy",0.00107691974718528
"Myoid","GAP","C4","healthy",2.53801592429033e-05
"Myoid","IGF","C4","crypto",0.000744065637164749
"Myoid","IGF","C4","healthy",0.00170207288312086
"Myoid","LAMININ","C4","crypto",0.00537117369746175
"Myoid","LAMININ","C4","healthy",0.0179181199634704
"Myoid","Netrin","C2","healthy",0.00010114441582995
"Myoid","PDGF","C4","crypto",1.96107618304515e-05
"Myoid","PDGF","C4","healthy",0.00147970576054598
"Myoid","SEMA5","C2","healthy",5.83630049192189e-05
"Myoid","TENASCIN","C4","healthy",0.000295015828644771
"Myoid","VCAM","C4","healthy",0.000129266157936695
"SSC","ADGRL","C4","crypto",0.00691005609718858
"SSC","ADGRL","C4","healthy",0.0129264268259946
"SSC","APP","C2","healthy",0.000885626157563193
"SSC","CADM","C2","crypto",0.00243282842203132
"SSC","CADM","C4","healthy",0.0175002321482059
"SSC","CD46","C4","crypto",4.14904799630992e-05
"SSC","CDH","C2","crypto",1.37019952651815e-05
"SSC","COLLAGEN","C4","crypto",0.000535277193646825
"SSC","COLLAGEN","C4","healthy",0.000460533002981383
"SSC","EPHA","C2","crypto",0.00102246423980748
"SSC","EPHA","C2","healthy",0.000860861672058894
"SSC","GAP","C4","healthy",6.25626559056167e-05
"SSC","JAM","C2","healthy",0.0011573645158932
"SSC","LAMININ","C4","crypto",0.00265306852996198
"SSC","LAMININ","C4","healthy",0.00962199413635613
"SSC","NCAM","C4","healthy",0.00379050377772047
"SSC","NECTIN","C2","crypto",8.97284757384975e-05
"SSC","NGL","C2","crypto",1.62868074016763e-05
"SSC","NGL","C4","healthy",0.000358474496885377
"SSC","NOTCH","C2","crypto",0.000315394746792139
"SSC","NRG","C4","crypto",0.0126876448173991
"SSC","NRG","C4","healthy",0.0103581286190045
"SSC","NRXN","C4","crypto",0.00146924242376692
"SSC","NRXN","C4","healthy",0.00322128007941584
"SSC","NT","C2","healthy",2.43931455723488e-05
"SSC","Netrin","C2","crypto",0.000341773370777489
"SSC","Netrin","C2","healthy",8.56640036426757e-05
"SSC","PTPRM","C4","crypto",0.0117266805791488
"SSC","PTPRM","C4","healthy",0.0175950617351287
"SSC","RELN","C2","healthy",0.000532555895639154
"SSC","SEMA3","C4","healthy",1.19853070829585e-05
"SSC","SEMA6","C4","crypto",0.000151978760934699
"SSC","SLIT","C2","crypto",0.00216155548001289
"SSC","SPP1","C4","crypto",0.000170839441445823
"Sertoli","2-AG","C2","healthy",0.00214604112587923
"Sertoli","ADGRL","C4","crypto",0.496251499285373
"Sertoli","ADGRL","C4","healthy",0.194360748199679
"Sertoli","APP","C2","healthy",0.0256953854737553
"Sertoli","APP","C4","crypto",0.0123207737880106
"Sertoli","Androstenedione","C1","healthy",0.00324379876157487
"Sertoli","Androstenedione","C4","crypto",8.84352236054786e-05
"Sertoli","BMP","C1","healthy",0.0047973040522499
"Sertoli","CADM","C2","crypto",0.348783479699237
"Sertoli","CADM","C4","healthy",0.169527523088929
"Sertoli","CD39","C4","healthy",0.000990594015207163
"Sertoli","CD45","C4","crypto",0.000342252230251597
"Sertoli","CD46","C4","crypto",4.14904799630992e-05
"Sertoli","CD99","C3","healthy",0.000107387859019693
"Sertoli","CDH","C2","crypto",0.141206997937639
"Sertoli","CDH","C2","healthy",0.0534411300821067
"Sertoli","CLDN","C3","healthy",0.0056432857179281
"Sertoli","CNTN","C4","healthy",0.00112432537983248
"Sertoli","COLLAGEN","C4","crypto",0.00154740696473572
"Sertoli","COLLAGEN","C4","healthy",0.0593221462781738
"Sertoli","Cholesterol","C1","crypto",0.000556515795597361
"Sertoli","Cholesterol","C1","healthy",0.0166195986617476
"Sertoli","Cort","C1","healthy",0.00121289603715104
"Sertoli","EGF","C1","healthy",0.000437892815872906
"Sertoli","EPHA","C2","crypto",0.00159873397171857
"Sertoli","EPHA","C2","healthy",0.00126368703178779
"Sertoli","EPHB","C2","crypto",0.00193054123348285
"Sertoli","EPHB","C2","healthy",0.00266372881666898
"Sertoli","Estradiol","C4","healthy",0.00391182268046144
"Sertoli","GAP","C4","healthy",0.000631449746045168
"Sertoli","GAS","C2","healthy",0.00346697602849435
"Sertoli","IGF","C4","crypto",0.00454194978167682
"Sertoli","IGF","C4","healthy",0.00436554134288887
"Sertoli","JAM","C2","crypto",0.109491009471558
"Sertoli","JAM","C2","healthy",0.0960408250835562
"Sertoli","LAMININ","C4","crypto",0.294536300101863
"Sertoli","LAMININ","C4","healthy",0.253471432832658
"Sertoli","MPZ","C3","crypto",0.0556776849608678
"Sertoli","MPZ","C3","healthy",0.0264525070115342
"Sertoli","NCAM","C2","crypto",0.220911917100802
"Sertoli","NCAM","C4","healthy",0.0458567171777335
"Sertoli","NECTIN","C2","crypto",0.00192824669401153
"Sertoli","NECTIN","C2","healthy",0.00174113282364086
"Sertoli","NGL","C4","healthy",0.000358474496885377
"Sertoli","NOTCH","C2","crypto",0.000305206849864932
"Sertoli","NRG","C4","crypto",0.216221055547652
"Sertoli","NRG","C4","healthy",0.0595152945884921
"Sertoli","NRXN","C4","crypto",0.00230464029901963
"Sertoli","NRXN","C4","healthy",0.0074602059799226
"Sertoli","Netrin","C2","crypto",0.000573614722157111
"Sertoli","Netrin","C2","healthy",0.00010114441582995
"Sertoli","PDGF","C4","crypto",0.00183065830119102
"Sertoli","PDGF","C4","healthy",0.00182038440243955
"Sertoli","PROS","C2","healthy",0.0155954650111285
"Sertoli","PROS","C3","crypto",0.00232380253660708
"Sertoli","PSAP","C2","healthy",0.00245636369307924
"Sertoli","PTN","C1","crypto",0.000296370919934949
"Sertoli","PTPR","C2","healthy",0.00420128891253503
"Sertoli","PTPRM","C4","crypto",0.0169375207583753
"Sertoli","PTPRM","C4","healthy",0.139702658221697
"Sertoli","RELN","C2","healthy",0.000610278534851673
"Sertoli","SEMA3","C4","healthy",0.00018754526323497
"Sertoli","SEMA5","C2","healthy",0.0024692734580035
"Sertoli","SEMA6","C2","healthy",0.000244167742385096
"Sertoli","SEMA6","C4","crypto",0.000151978760934699
"Sertoli","SLIT","C2","crypto",0.00207560229011276
"Sertoli","SPP1","C4","crypto",0.000170839441445823
"Sertoli","TENASCIN","C4","healthy",0.00302747265295531
"Sertoli","Testosterone","C2","crypto",0.0241456678940289
"Sertoli","Testosterone","C4","healthy",0.0474490787882903
"Sertoli","VCAM","C4","healthy",6.39107112289338e-05
"Spermatid","ADGRL","C4","crypto",0.00256357252950525
"Spermatid","ADGRL","C4","healthy",0.00907611765400306
"Spermatid","APP","C2","healthy",0.00101807889904289
"Spermatid","CADM","C4","healthy",0.00733595452174186
"Spermatid","CD39","C4","healthy",0.000424009911563759
"Spermatid","CNTN","C4","healthy",0.000398019696661153
"Spermatid","LAMININ","C4","healthy",0.00200599423704695
"Spermatid","NECTIN","C2","healthy",0.000604313560168045
"Spermatid","NEGR","C4","healthy",3.8864402180246e-06
"Spermatid","NGL","C2","crypto",4.03574406450874e-06
"Spermatid","NRG","C4","crypto",0.00621767397307935
"Spermatid","NRG","C4","healthy",0.0102754749836857
"Spermatid","NRXN","C4","crypto",0.00113764610612964
"Spermatid","NRXN","C4","healthy",0.00143344319122858
"Spermatid","NT","C2","healthy",2.43931455723488e-05
"Spermatid","Netrin","C2","crypto",0.000231841351379622
"Spermatid","Netrin","C2","healthy",8.56640036426757e-05
"Spermatid","PTPRM","C4","crypto",0.00653209477407045
"Spermatid","SEMA6","C2","healthy",3.12206572840647e-05
"Spermatocyte","ADGRL","C4","crypto",0.00133642015725789
"Spermatocyte","ADGRL","C4","healthy",0.00360484091329511
"Spermatocyte","BMP","C1","healthy",0.001294179602161
"Spermatocyte","CADM","C4","healthy",0.0539450399532348
"Spermatocyte","CD39","C4","healthy",0.00247257558747249
"Spermatocyte","CNTN","C4","healthy",0.000855370250655752
"Spermatocyte","Cort","C1","healthy",0.000477565737181996
"Spermatocyte","Estradiol","C4","healthy",0.0094649859620428
"Spermatocyte","FGF","C4","healthy",0.00022424278629266
"Spermatocyte","GAP","C4","healthy",7.64579150979185e-05
"Spermatocyte","LAMININ","C4","healthy",0.00233033914479798
"Spermatocyte","NECTIN","C2","healthy",0.00113681926347282
"Spermatocyte","NRG","C4","crypto",0.00502232360638303
"Spermatocyte","NRG","C4","healthy",0.0175488051593499
"Spermatocyte","NRXN","C4","crypto",0.000318198956721411
"Spermatocyte","NRXN","C4","healthy",0.00376567937517736
"Spermatocyte","PCDH","C4","healthy",0.00397285039773533
"Spermatocyte","TENASCIN","C4","healthy",0.000320174011572277
